Date,AAPL,MSFT,TSLA
2020-01-03,-0.06895869198437661,-0.06386999822153087,-0.041193361265500036
2020-01-06,-0.051268685027299934,-0.048833593041698806,-0.051571982518285917
2020-01-07,-0.06393975653357005,-0.060536050878404454,-0.03202609490526691
2020-01-08,-0.04315077508898153,-0.03549004369104462,-0.0216217937752992
2020-01-09,-0.03799588969900698,-0.03892523393408824,-0.09277163146351823
2020-01-10,-0.056976291440203955,-0.0560453249984884,-0.07745391719659504
2020-01-13,-0.037872485421221194,-0.039394247407079905,0.026862339287512207
2020-01-14,-0.07273974032619974,-0.058461514272048085,-0.04594379744322001
2020-01-15,-0.06352260542528372,-0.0449420293489418,-0.10692863307647875
2020-01-16,-0.046710451121350596,-0.033095154579117644,-0.08048909719943569
2020-01-17,-0.04816556265195933,-0.04582151186823018,-0.07664951372033484
2020-01-21,-0.06601385814760193,-0.05500908893746774,0.0010636866293684683
2020-01-22,-0.05566757599265555,-0.05622343829702452,-0.02996397512280362
2020-01-23,-0.05442108392826224,-0.04526267638201946,-0.06619149741940782
2020-01-24,-0.06211865487476538,-0.06149523229165947,-0.08372422274424633
2020-01-27,-0.08864204587441034,-0.06814151486779112,-0.08286589239900026
2020-01-28,-0.03094739162958622,-0.03182206204393005,-0.05491323634137628
2020-01-29,-0.03830457117886839,-0.03582586972013639,-0.04597210579351722
2020-01-30,-0.06068593487712044,-0.023210740339413102,0.03213563910193469
2020-01-31,-0.10357554770523476,-0.06617725093909492,-0.05559592908991577
2020-02-03,-0.06198323752473529,-0.027039049995075268,0.12812197420052834
2020-02-04,-0.02622326467371512,-0.018501995602460394,0.06642978267234385
2020-02-05,-0.0510822430364873,-0.05264025437944535,-0.2425850143562081
2020-02-06,-0.047540065719984995,-0.030684246320256833,-0.051417302620876446
2020-02-07,-0.0728294501302343,-0.050002615207910314,-0.07201494336905227
2020-02-10,-0.05448743294283605,-0.025261292903606722,-0.03980012323356323
2020-02-11,-0.06526996853732976,-0.07399379815179068,-0.06680735862639202
2020-02-12,-0.03548912667209898,-0.04995439261270178,-0.07998227749711632
2020-02-13,-0.06635781301886197,-0.05683251389875903,-0.022982967011641084
2020-02-14,-0.058990622022385544,-0.042491299603243424,-0.07576437523176931
2020-02-18,-0.07754732314057929,-0.04127540477766249,0.0021330934524148165
2020-02-19,-0.04475442632221889,-0.048419168437501756,-0.002070810610165272
2020-02-20,-0.06949552969552115,-0.06668962079443401,-0.09045772466140704
2020-02-21,-0.0818720603311774,-0.08303093102956975,-0.06905881078425606
2020-02-24,-0.106736862627081,-0.09453395071196173,-0.14542152283988602
2020-02-25,-0.09310948163419992,-0.06792026647958353,-0.11146035920486978
2020-02-26,-0.04337298352723369,-0.03892357328629319,-0.09721709014021078
2020-02-27,-0.12460511144595472,-0.12187747689216037,-0.1989724591480478
2020-02-28,-0.05982161403341542,-0.02720558787172482,-0.08704166736441514
2020-03-02,0.033863685195067925,0.015120979250009284,0.04239372336873144
2020-03-03,-0.0909960901683285,-0.09933783389160371,-0.06828501003744063
2020-03-04,-0.012852325330117445,-0.01470336592215897,-0.06547460219135419
2020-03-05,-0.09167364373592975,-0.07651328778340087,-0.10412885000849141
2020-03-06,-0.0725169451326307,-0.07968572706845449,-0.09989332443286984
2020-03-09,-0.13832904246652505,-0.11919093521486183,-0.20655187676592052
2020-03-10,0.012784684492864004,0.016965465654339387,-0.00942859573975778
2020-03-11,-0.09396715610050572,-0.09672046651588144,-0.08802707223397947
2020-03-12,-0.1579917218109998,-0.14625670344590985,-0.18699904257455596
2020-03-13,0.060571834552926626,0.09075074774257703,-0.09567717315389639
2020-03-16,-0.1878839936313576,-0.19880842170252094,-0.256604684119261
2020-03-17,-0.015266811511049985,0.030917555594465143,-0.10423708337222297
2020-03-18,-0.08371681616076938,-0.09351422542496383,-0.2311706605621054
2020-03-19,-0.06689900321474491,-0.03496538241205287,0.1130502225933669
2020-03-20,-0.12272228986161178,-0.08897685667503301,-0.07108379317855866
2020-03-23,-0.08048099859872966,-0.0613931072806299,-0.0550148724991764
2020-03-24,0.041088454694988716,0.03947760269134433,0.091990873672209
2020-03-25,-0.06474555210493423,-0.060991097860767216,-0.003004855054494146
2020-03-26,-0.006613724526195755,0.01113275464748216,-0.09139224100305891
2020-03-27,-0.10063910859659715,-0.0924792328387261,-0.09695501349360595
2020-03-30,-0.030698802113441406,0.018921882175856955,-0.0946037681589466
2020-03-31,-0.06127779726195455,-0.06714516827232812,-0.027272157169977704
2020-04-01,-0.1118538940196306,-0.08692684256021037,-0.1518190101161923
2020-04-02,-0.042550033072811314,-0.03070961034777224,-0.1270812841132934
2020-04-03,-0.07360835556126118,-0.0606288316478462,-0.014629272627549025
2020-04-06,0.028000821926582972,0.02294940140006836,0.004650955670078408
2020-04-07,-0.07081917907352604,-0.062188613760239916,-0.014244382556512877
2020-04-08,-0.03364231091237231,-0.0413872919907579,-0.06461162506569056
2020-04-09,-0.05202083649587526,-0.051357348953637236,-0.026806462081004276
2020-04-13,-0.03960902907343751,-0.049178477362359405,0.06521177346642833
2020-04-14,-0.008733803910751473,-0.0019346089470868993,0.019717953586642925
2020-04-15,-0.06836406952162362,-0.061896232112353,-0.04273774129285561
2020-04-16,-0.05129122455144615,-0.021397517575140898,-0.04975321793842018
2020-04-17,-0.07280553526322305,-0.04260671351111815,-0.05917889597721464
2020-04-20,-0.07999323613241678,-0.07123901851371721,-0.08081486792399377
2020-04-21,-0.09014745311090729,-0.0927759340524094,-0.1507343995251586
2020-04-22,-0.03043310102685999,-0.01745330243105729,-0.004729791069312525
2020-04-23,-0.06311242578305494,-0.06352073742637103,-0.10699608234249462
2020-04-24,-0.030367278509592602,-0.03315904183906797,-0.043163374247133166
2020-04-27,-0.05852986937000611,-0.05428294405317162,0.030669602892107364
2020-04-28,-0.07544635374599902,-0.07577943218819809,-0.10792209688699776
2020-04-29,-0.026391575954731808,-0.006544224500659987,-0.030013742638743943
2020-04-30,-0.03814092629876471,-0.04138654060585982,-0.0940992944867907
2020-05-01,-0.07533592971558063,-0.0773096775944671,-0.1738603329296618
2020-05-04,-0.04508835682234931,-0.026958442846575933,0.01454096837289516
2020-05-05,-0.044227731161794306,-0.040682276491025335,-0.061604171799013493
2020-05-06,-0.04891980410878623,-0.04157117165823569,-0.052120793617863634
2020-05-07,-0.048891755865326195,-0.045611307527107445,-0.07407231473992597
2020-05-08,-0.035434907803053875,-0.04553610200671092,-0.020342056814978624
2020-05-11,-0.043501657198822555,-0.040263974854425164,-0.08074826841098819
2020-05-12,-0.07066515470566022,-0.07407034192529842,-0.07314388987471303
2020-05-13,-0.0713109176925339,-0.06654078419061786,-0.09362099217683444
2020-05-14,-0.053093569896511,-0.04707905848732334,-0.055187426761380595
2020-05-15,-0.06514898688820676,-0.03685013241952366,-0.07600504521403977
2020-05-18,-0.03567553972769451,-0.04186369170114128,-0.052732834058840924
2020-05-19,-0.06501525099238432,-0.05834076315442831,-0.07773396290129146
2020-05-20,-0.039788803717665314,-0.03754771809007233,-0.06148266242951288
2020-05-21,-0.06669232373784158,-0.06342977814994492,-0.05606377477851181
2020-05-22,-0.05279842621453541,-0.05098208034964195,-0.08377969726501693
2020-05-26,-0.06601034102622945,-0.061989934197530114,-0.06839057527010155
2020-05-27,-0.05487960044208891,-0.05009651837833533,-0.0691657748441568
2020-05-28,-0.05879658274076112,-0.05367378187586373,-0.08840700118383775
2020-05-29,-0.06021127745095252,-0.04121963988021564,-0.034602216754583234
2020-06-01,-0.04693875409476796,-0.05371029078613691,0.004742211747449113
2020-06-02,-0.054607415748329016,-0.04004171734447608,-0.08924324834752266
2020-06-03,-0.05373169487550607,-0.04898485472764107,-0.06923857596225784
2020-06-04,-0.06784936054826425,-0.06458200210718838,-0.09186947373264191
2020-06-05,-0.03075595435936747,-0.028020110638392423,-0.04620781402514122
2020-06-08,-0.05332407543682967,-0.04522165532363624,0.0017294486183827146
2020-06-09,-0.027658892845709174,-0.04377355241296259,-0.08056425370775704
2020-06-10,-0.03350934028440762,-0.014326722804680433,0.018875437689276978
2020-06-11,-0.10724711839633423,-0.10511675019046511,-0.12176072446254808
2020-06-12,-0.05060341395383257,-0.04352660491385345,-0.10943525267421066
2020-06-15,-0.046869761512770294,-0.04502638193607815,-0.011357856771059091
2020-06-16,-0.032734753466406044,-0.026913377028998473,-0.07967711021920236
2020-06-17,-0.060628316406903984,-0.04795731866384005,-0.06099089744651613
2020-06-18,-0.05883859539774623,-0.040709754031425,-0.05855588593756282
2020-06-19,-0.06495153653620984,-0.05737809501922979,-0.07387447145364072
2020-06-22,-0.03307303046815731,-0.02364486304228479,-0.07740071207979242
2020-06-23,-0.03789198953965818,-0.044737448792829634,-0.0633240595706213
2020-06-24,-0.07688875762384269,-0.07157590149487329,-0.1116839177510303
2020-06-25,-0.04596146985666778,-0.038781962564317804,-0.04467260758038365
2020-06-26,-0.08996277303088936,-0.07143424893538335,-0.09743977879446912
2020-06-29,-0.036190061625337736,-0.04067116541085451,-0.01913551155153108
2020-06-30,-0.050889255402712566,-0.025869151383449737,-0.001019304573968191
2020-07-01,-0.061128253962716886,-0.04557100008342023,-0.03394981229760301
2020-07-02,-0.059236841258667974,-0.043797467245645635,0.008690721716917607
2020-07-06,-0.032486672176450807,-0.029892192993454844,0.06396731747087521
2020-07-07,-0.06233958917408762,-0.0630461113672706,-0.05749893104082919
2020-07-08,-0.035946621208573795,-0.029425663539344435,-0.08808011987326574
2020-07-09,-0.05493668177977458,-0.04441724132074713,-0.050034163071964996
2020-07-10,-0.05748773228866251,-0.05445152760222287,0.037021145490765586
2020-07-13,-0.06385002982793671,-0.08230712816903234,-0.10163620466889105
2020-07-14,-0.04268839189383196,-0.04523658773322818,-0.05764075646351889
2020-07-15,-0.05235930187630651,-0.0529064391382013,-0.05156903839981623
2020-07-16,-0.0715418758154533,-0.07122225252149843,-0.10017312393032045
2020-07-17,-0.061257083196565046,-0.05651851994408001,-0.07069331461966848
2020-07-20,-0.03816293437531322,-0.008437298285518355,0.023893667995273662
2020-07-21,-0.07303849562186522,-0.06488704066150545,-0.11625569395092354
2020-07-22,-0.056427604071873264,-0.03704721986472008,-0.05554314304516676
2020-07-23,-0.10475335423029271,-0.0949130175908343,-0.12060277294916359
2020-07-24,-0.06171387384430134,-0.05754042846285827,-0.1343200132695524
2020-07-27,-0.035536599524964865,-0.038750894082455065,0.015694186756431486
2020-07-28,-0.07566453956796722,-0.060395482824577004,-0.11181774214141886
2020-07-29,-0.040068389869361745,-0.0413205860697579,-0.055506547514375046
2020-07-30,-0.04713656597913969,-0.05220243983856902,-0.07857787700430223
2020-07-31,0.0454514377175123,-0.045974523697047506,-0.108964667550609
2020-08-03,-0.03403899168749443,0.00482283660914247,-0.032916726786389724
2020-08-04,-0.05255888291606155,-0.06642718196328583,-0.06947983876717716
2020-08-05,-0.05561201454510918,-0.05305924651313958,-0.0721581208158834
2020-08-06,-0.02434746026386099,-0.035404464643802355,-0.06775594527352484
2020-08-07,-0.08197278679724658,-0.06930629136958581,-0.09557856424383308
2020-08-10,-0.04470208133931981,-0.07132591877752807,-0.09432753424939681
2020-08-11,-0.08897658772363533,-0.07480373549515366,-0.10197068021564641
2020-08-12,-0.026002497644744008,-0.02285113869838544,0.06040977517835362
2020-08-13,-0.04153926119382907,-0.0537609228615326,-0.02822196908534473
2020-08-14,-0.06012826021699531,-0.05045997315791877,-0.052498422775306516
2020-08-17,-0.06184755328467491,-0.04481249434718841,0.041203961981773854
2020-08-18,-0.05090411689270209,-0.045663977567262745,-0.04279824536772696
2020-08-19,-0.05798210285515111,-0.05748527779263539,-0.07536267868028239
2020-08-20,-0.03704744757421004,-0.028147226457048632,-0.0051901828889616
2020-08-21,-0.00770414949566918,-0.05868818829446169,-0.04677369283435033
2020-08-24,-0.047276538683787964,-0.04827308673020818,-0.08828042601167711
2020-08-25,-0.0674406824124932,-0.03840885193582903,-0.06628886837804653
2020-08-26,-0.04563781379593819,-0.029798852166157005,-0.006660427909858366
2020-08-27,-0.07119113536458273,-0.026864977140007837,-0.03108054035699674
2020-08-28,-0.060856821038532696,-0.04113498004070219,-0.08214991900332873
2020-08-31,-0.025324646411078636,-0.06618399280541847,0.05486243534712561
2020-09-01,-0.019404197207348498,-0.04370322623848848,-0.1175235276102669
2020-09-02,-0.07995508717402562,-0.03214621937681854,-0.12909418480425733
2020-09-03,-0.1392979049435074,-0.11336510269118942,-0.16106511159658138
2020-09-04,-0.05857472068661547,-0.06545443924825127,-0.04301337228815498
2020-09-08,-0.12653207171730546,-0.10551392801870611,-0.28145486276732884
2020-09-09,-0.01935018509631721,-0.00883472712589399,0.038406874774836466
2020-09-10,-0.09188272035633978,-0.07943681143393204,-0.0570120369756502
2020-09-11,-0.07236570150800344,-0.05794327974635098,-0.06711035612014164
2020-09-14,-0.02923683776112858,-0.04465461944716535,0.05500515117891931
2020-09-15,-0.0576765312530841,-0.03501214635962717,0.0010002318392425408
2020-09-16,-0.08875049882481108,-0.06928403579793811,-0.08861391802592893
2020-09-17,-0.07520024966163048,-0.06185481767832028,-0.11231974409284422
2020-09-18,-0.09095714169001919,-0.06383775176861321,-0.026616201128504977
2020-09-21,-0.02891112335510189,-0.04068928984843083,-0.05445210789471781
2020-09-22,-0.04352089156963508,-0.027324488075251938,-0.12681356638688374
2020-09-23,-0.10118284642672488,-0.08434664522087203,-0.17423752694826017
2020-09-24,-0.04896812027733295,-0.03845647813747881,-0.05129247316882739
2020-09-25,-0.021720708237729383,-0.028632002882647486,-0.020412768349654928
2020-09-28,-0.035368098931885264,-0.04362326256064124,-0.03680102552363111
2020-09-29,-0.06680452412815181,-0.06182692640435865,-0.07588353897897009
2020-09-30,-0.04416110066817332,-0.03660610231440113,-0.047107499249143855
2020-10-01,-0.050774565729845136,-0.04129121206914714,-0.026188870794925864
2020-10-02,-0.09151715530360434,-0.0809298593220708,-0.144617311382438
2020-10-05,-0.028445749256320665,-0.031097646970042622,-0.0453140877736629
2020-10-06,-0.08790635896155048,-0.07266536529443417,-0.09831201307534525
2020-10-07,-0.042269526012828365,-0.03238087727170562,-0.04348232229723141
2020-10-08,-0.06019280107104892,-0.04784418086373514,-0.0693688365044443
2020-10-09,-0.04184103646053024,-0.02658227133997952,-0.051855844129441706
2020-10-12,0.004283724287230159,-0.025515852886671506,-0.051702224399472516
2020-10-13,-0.08576420100119282,-0.044823955316491124,-0.06099168667915071
2020-10-14,-0.05849363240397627,-0.0603927793231938,-0.03802690144704805
2020-10-15,-0.06319759189292924,-0.05685182296764339,-0.09775052699374014
2020-10-16,-0.07323747484550754,-0.051418376660216134,-0.0913443000329897
2020-10-19,-0.08477851169381441,-0.07618382791651339,-0.09093263390759147
2020-10-20,-0.046045006039307015,-0.04941106296288282,-0.09146120710807974
2020-10-21,-0.06468318002093916,-0.050719426329212156,-0.06916758699248464
2020-10-22,-0.06882016143620313,-0.05099943251484955,-0.0633735548517738
2020-10-23,-0.0653708218910027,-0.04518275981997659,-0.08294517131902572
2020-10-26,-0.059149874628179624,-0.07986021283521065,-0.07165871923951576
2020-10-27,-0.04576465488161981,-0.03632900707990587,-0.060357459739664374
2020-10-28,-0.10554888641650335,-0.10098461203205437,-0.11476559475398333
2020-10-29,-0.022186334454640314,-0.04135312233736403,-0.05897991819712005
2020-10-30,-0.11525491900487923,-0.062408766685032965,-0.12629967175291584
2020-11-02,-0.0600636150259309,-0.05211001562091204,-0.038690792902072155
2020-11-03,-0.04388342065522595,-0.031154814424712282,-0.01242600255222652
2020-11-04,-0.018400174094246838,-0.0031693430739801326,-0.07771510416700071
2020-11-05,-0.023743167974204685,-0.019531582046266524,-0.03018331901955866
2020-11-06,-0.06037288484798915,-0.04949252843421874,-0.08940727526816843
2020-11-09,-0.07920498927097626,-0.07524266693572183,-0.09103827790296586
2020-11-10,-0.06224555798463967,-0.08521115197984412,-0.09670136209444351
2020-11-11,-0.028884275396616824,-0.02516358377923504,-0.05432889984806959
2020-11-12,-0.06158006349163177,-0.05654433182479961,-0.08370036533070095
2020-11-13,-0.05881728534761062,-0.046451851625968474,-0.07874376584658109
2020-11-16,-0.05051662362965266,-0.04809307375788645,-0.07183033781454189
2020-11-17,-0.06680110246976907,-0.06416974993144502,0.011312172938358692
2020-11-18,-0.07062821502783086,-0.0646019627414262,0.031141139097766904
2020-11-19,-0.054068543754720436,-0.04507004211269976,-0.04487310123890524
2020-11-20,-0.07019447334325486,-0.06097487783971005,-0.09017487458417876
2020-11-23,-0.08897935095959471,-0.05274926944599383,-0.004978344547325528
2020-11-24,-0.04764260391275828,-0.033570677429225745,-0.006574441030234898
2020-11-25,-0.05176978525133376,-0.051371621293703915,-0.037300033325064194
2020-11-27,-0.0544105127814561,-0.04505942544890122,-0.05033882371071212
2020-11-30,-0.038137259912335145,-0.056807991959793955,-0.10182905920880707
2020-12-01,-0.028409375368849757,-0.041421432394499955,-0.04059405448432156
2020-12-02,-0.0563032672623532,-0.05530365230033467,-0.09808561825273991
2020-12-03,-0.06037421510002279,-0.05666513213914608,-0.02764954891763409
2020-12-04,-0.06484952040308685,-0.05085815949063237,-0.06128808928272993
2020-12-07,-0.04696686806948576,-0.051744974715664124,0.00048751312630442023
2020-12-08,-0.05414602165889566,-0.04339185160603591,-0.05817392200250886
2020-12-09,-0.0801405541689126,-0.07090822568953829,-0.14068566218873663
2020-12-10,-0.04724794504272485,-0.057461944637543325,-0.03345566188482678
2020-12-11,-0.06597169265024534,-0.038402948662194666,-0.09806438693928902
2020-12-14,-0.06438351734213395,-0.04701048667014111,-0.021907766257693903
2020-12-15,-0.009146377683904097,-0.05174514469574758,-0.08111065152953738
2020-12-16,-0.059784457647332936,-0.02736758103410812,-0.08737615920821344
2020-12-17,-0.052273272500356585,-0.0507799808908274,-0.017628800999166125
2020-12-18,-0.07508751335988302,-0.05520109803423849,-0.011213840593833388
2020-12-21,-0.046841497843789506,-0.033119325322439594,-0.13577630145719505
2020-12-22,-0.030772214775961995,-0.045353317485060926,-0.0854758885897831
2020-12-23,-0.06621287324669718,-0.06445761566325629,-0.06201884748932067
2020-12-24,-0.05152489747426754,-0.04359108806447502,-0.04638312437419838
2020-12-28,-0.02347100058605174,-0.04149690527977405,-0.06792531215930779
2020-12-29,-0.07255158592541196,-0.05501904585102339,-0.0673610955781943
2020-12-30,-0.06776367949971836,-0.06243771376935907,-0.02759775368097621
2020-12-31,-0.06693945720966173,-0.04808017387842582,-0.055152638372198345
2021-01-04,-0.08395599509880076,-0.07268446292732882,-0.036674647755130116
2021-01-05,-0.04687325236458813,-0.05045378877713151,-0.06350925065728967
2021-01-06,-0.09289822539522204,-0.07734755682556597,-0.04243631729592438
2021-01-07,-0.025113706930309634,-0.0229614626530195,0.008619944045160158
2021-01-08,-0.05060566951566277,-0.04532553072164873,0.007576375141253602
2021-01-11,-0.0824856016264472,-0.061116941526597565,-0.14904073677842916
2021-01-12,-0.06063234744254793,-0.06318914110998945,-0.023673671567414442
2021-01-13,-0.043010159193708944,-0.04485810003137218,-0.06497566867342668
2021-01-14,-0.07436412408518729,-0.06676453241926543,-0.08184014272071875
2021-01-15,-0.07296717531607995,-0.053155444372977076,-0.09312247402295497
2021-01-19,-0.053809757697857855,-0.03359547256705801,-0.04856699037993288
2021-01-20,-0.026380772334067285,-0.014918784571983854,-0.06384062169551412
2021-01-21,-0.022578334222201304,-0.04861024981185329,-0.0772467758269108
2021-01-22,-0.04316331946188397,-0.04706213751779624,-0.0688739770493381
2021-01-25,-0.03155320872697483,-0.03557397150867518,-0.03047881344881702
2021-01-26,-0.05755706718105798,-0.03921959650371258,-0.0682267007426716
2021-01-27,-0.0669209282266195,-0.04896498563320199,-0.09226270433406163
2021-01-28,-0.09422189515229713,-0.025527516359929822,-0.10407285971008155
2021-01-29,-0.09665758016890431,-0.08059013579063772,-0.12098035447745985
2021-02-01,-0.04271650116037569,-0.018266008530960096,-0.01250494669578632
2021-02-02,-0.05290040234456746,-0.05200264171977047,-0.03155589303170507
2021-02-03,-0.06701519429232645,-0.036846877900454086,-0.09156468489598417
2021-02-04,-0.03347905900652266,-0.05549267180187449,-0.07632573937432756
2021-02-05,-0.06233495498649273,-0.05063315902390868,-0.06819126990270323
2021-02-08,-0.058139903855363675,-0.05030349920284842,-0.057696322325075086
2021-02-09,-0.06581068356083271,-0.04605691260546134,-0.08699494120657307
2021-02-10,-0.06379508576839717,-0.05531553297316598,-0.1233775638674192
2021-02-11,-0.06115736183879712,-0.044540622972812735,-0.0623278297516852
2021-02-12,-0.057460570675606684,-0.049373552035573184,-0.06533171866000802
2021-02-16,-0.07534065237281869,-0.05668387808528978,-0.09521028038709282
2021-02-17,-0.07688107949232455,-0.04705868786684046,-0.06840275233615238
2021-02-18,-0.0678731166953029,-0.05309739860371358,-0.08432031060874516
2021-02-19,-0.05800388212182013,-0.06298578444193396,-0.07854845309715446
2021-02-22,-0.08903549626480041,-0.07822672754530062,-0.15632507811902024
2021-02-23,-0.06034805856006538,-0.05670584664604232,-0.09274404899333825
2021-02-24,-0.06328892932249326,-0.04593105724587625,-0.009038546899498054
2021-02-25,-0.09401951929710757,-0.07512343437101114,-0.15141744452387368
2021-02-26,-0.05700506132429124,-0.03661430075470244,-0.08067677177444126
2021-03-01,-0.0053857354336309254,-0.03179531764557968,-0.007273708081495342
2021-03-02,-0.08013049840491245,-0.06437527028865768,-0.11535425605001996
2021-03-03,-0.08369341065683629,-0.07839912022961497,-0.11925037784681662
2021-03-04,-0.07504877406929363,-0.055065881766723265,-0.11944880139454832
2021-03-05,-0.048498481951671904,-0.029938971601956063,-0.10862593309470385
2021-03-08,-0.1009102263338771,-0.06959628639753916,-0.1292762923919642
2021-03-09,-0.018587212288838265,-0.023316943036767054,0.1255854565183629
2021-03-10,-0.06840346326468756,-0.057235719401927995,-0.07902168867174734
2021-03-11,-0.04273442012727931,-0.031153493116463468,-0.023615277198106674
2021-03-12,-0.06686201251990949,-0.057237877137257184,-0.07921712155599496
2021-03-15,-0.03478009842005998,-0.05540558780871478,-0.05034315835719831
2021-03-16,-0.04649401859118181,-0.039068028524581286,-0.11470039152282512
2021-03-17,-0.06568735558769563,-0.054236991958502,-0.03399587695330357
2021-03-18,-0.09314193204238726,-0.07808045363497855,-0.1401473472029327
2021-03-19,-0.0637170471817557,-0.05302206076864062,-0.06820861450079967
2021-03-22,-0.030901141936495805,-0.0269339440606116,-0.047722789264032214
2021-03-23,-0.06612549005428565,-0.04468087673977199,-0.08252808412708017
2021-03-24,-0.07923053465875014,-0.060341412283749604,-0.11898720684152302
2021-03-25,-0.055073167820255245,-0.06466935857564875,-0.054769992161863
2021-03-26,-0.054095405305140634,-0.03359953572695766,-0.10468100197918855
2021-03-29,-0.05775203223502874,-0.05666199933278697,-0.08281928658453334
2021-03-30,-0.07151116754583016,-0.06582913059629007,-0.031025540712208685
2021-03-31,-0.04047127349238451,-0.03451088982068966,-0.019994413978980538
2021-04-01,-0.05227807021576354,-0.023509796786296763,-0.08007907548654096
2021-04-05,-0.03565947329197312,-0.023689935668890036,-0.0265500283357019
2021-04-06,-0.05677470221349952,-0.05627621275036469,-0.07000184345062226
2021-04-07,-0.04584639505607531,-0.04318818437958387,-0.10068404777235178
2021-04-08,-0.04000306726735754,-0.03801294269304338,-0.051705023429056626
2021-04-09,-0.03898549435087213,-0.04115181808646322,-0.0807417752964558
2021-04-12,-0.07246995059546353,-0.05118399158487889,-0.033959207262126465
2021-04-13,-0.03493010347103527,-0.04133674352300436,0.01513028408442714
2021-04-14,-0.07709018115563811,-0.06263726311298227,-0.11029828660989598
2021-04-15,-0.040528525162084675,-0.03612052758196231,-0.061785688339440134
2021-04-16,-0.06176473970517578,-0.046639971389232746,-0.06956791664822508
2021-04-19,-0.054168464270887576,-0.05908879224065315,-0.1048232042497295
2021-04-20,-0.07206674529964059,-0.053273430243761674,-0.0647256022958989
2021-04-21,-0.0563070685064347,-0.04243526374446853,-0.0358748261235267
2021-04-22,-0.07092193227913686,-0.06450439131613021,-0.10365731633041413
2021-04-23,-0.041198334441046994,-0.03594229684250254,-0.05733471134996963
2021-04-26,-0.05625904259711352,-0.04988677495681397,-0.05876190455739509
2021-04-27,-0.0616865298943154,-0.049812409386816456,-0.11615309863710381
2021-04-28,-0.06526418337070856,-0.07970417662640776,-0.08549871386764922
2021-04-29,-0.05998526916252962,-0.05947157674614771,-0.09588417128316933
2021-04-30,-0.07437024627304108,-0.052725203547164964,-0.02290937998783886
2021-05-03,-0.051021663627104655,-0.05268722864790147,-0.10541725227472147
2021-05-04,-0.09462209787998073,-0.06757829731506464,-0.08732536046270283
2021-05-05,-0.05728142532826748,-0.05674538368619968,-0.07477557864379451
2021-05-06,-0.0464343640261123,-0.038191633182757465,-0.0818559580842058
2021-05-07,-0.053909357315066034,-0.04048652278680746,-0.05751915860999972
2021-05-10,-0.0850412683867346,-0.07233268527694851,-0.13527035096126167
2021-05-11,-0.06664739036218299,-0.055261572774831055,-0.08964889832770943
2021-05-12,-0.08417533046300259,-0.08078117871799122,-0.11507483249027499
2021-05-13,-0.041317088152649076,-0.03455662268164676,-0.1016798235443173
2021-05-14,-0.03939204426625793,-0.03035089706385423,-0.03925358656630733
2021-05-17,-0.06849549278525364,-0.06338697603413516,-0.09271760251026111
2021-05-18,-0.07048247791818037,-0.05998356950860133,-0.06902367371226763
2021-05-19,-0.06051837121673338,-0.04894423900840676,-0.09576300342930937
2021-05-20,-0.03822461843336973,-0.03759811448573007,-0.029439491540057136
2021-05-21,-0.07400402094645349,-0.05673320011560383,-0.08088153669234603
2021-05-24,-0.04592258863562455,-0.028536327138040593,-0.026824393158743784
2021-05-25,-0.06081047222119891,-0.047670086075203996,-0.07371228794638678
2021-05-26,-0.05963070010779044,-0.05233213273722352,-0.04694666206263824
2021-05-27,-0.07161377410001742,-0.06008667719851572,-0.05189677940917718
2021-05-28,-0.06458482452322652,-0.04993408509625623,-0.07975114236558038
2021-06-01,-0.061885231937929566,-0.06055029798426852,-0.07293788816304485
2021-06-02,-0.05296076832175374,-0.05182253540846797,-0.10092757190118899
2021-06-03,-0.07139090250037979,-0.05784766665290146,-0.12417138387625186
2021-06-04,-0.04021456247126494,-0.03074373184227501,-0.02507214898790537
2021-06-07,-0.05915744990425027,-0.03937631053272454,-0.060677187865115154
2021-06-08,-0.05256496729587508,-0.05630402286980078,-0.07337154130529959
2021-06-09,-0.05615955970632121,-0.04737982979015869,-0.07879560093517994
2021-06-10,-0.06726018940044949,-0.03702501964854581,-0.0518881178231652
2021-06-11,-0.04940416989073644,-0.04889149779802486,-0.07120363759463648
2021-06-14,-0.03465894697122869,-0.04366314055776148,-0.05803739771439757
2021-06-15,-0.06567458500950758,-0.057305633625751515,-0.10050170214304137
2021-06-16,-0.055302777937561734,-0.055211526340201586,-0.06163346393072282
2021-06-17,-0.04663588004332493,-0.03774195613663771,-0.05143400497663224
2021-06-18,-0.0693287414380624,-0.057052798537214164,-0.059944376257212315
2021-06-21,-0.0451330196246172,-0.03908361855696367,-0.07480542015079998
2021-06-22,-0.046538359344049,-0.04045253173472045,-0.06618763593844705
2021-06-23,-0.06132661968536286,-0.052322458227883326,-0.01814185338134537
2021-06-24,-0.06140598300158502,-0.04606485273067999,-0.03541531657926637
2021-06-25,-0.06148538091753604,-0.05768061762666825,-0.08252093158973321
2021-06-28,-0.046691071272767795,-0.03745711322926297,-0.04574735389301869
2021-06-29,-0.04773637458111131,-0.04144517746119951,-0.08238430149476998
2021-06-30,-0.05461580584891486,-0.05326076129410055,-0.07238369924957604
2021-07-01,-0.056973495562183965,-0.04883416081443474,-0.07344544264136414
2021-07-02,-0.03964037246912529,-0.029142871109372456,-0.0693809825121126
2021-07-06,-0.044518420991437616,-0.05138269929765031,-0.09928442934936825
2021-07-07,-0.04128136709300596,-0.04324287120444441,-0.09346224813482011
2021-07-08,-0.06843661614999093,-0.06038486954471149,-0.05816858227284753
2021-07-09,-0.04618205076122302,-0.04954387544879517,-0.0644847824838413
2021-07-12,-0.06344041902222404,-0.053649177235452636,-0.02706380016012226
2021-07-13,-0.051347745253553415,-0.03822046925055904,-0.09585214638051491
2021-07-14,-0.035136428725708393,-0.045973234185836584,-0.09350288209904427
2021-07-15,-0.06372861964308081,-0.05665703704253015,-0.07508141578999887
2021-07-16,-0.07331294882947854,-0.05241486990652437,-0.0806329361391515
2021-07-19,-0.08615124858433394,-0.06473955631331933,-0.0677221375056432
2021-07-20,-0.033262776903575,-0.04307951232739597,-0.04872883613504424
2021-07-21,-0.0643685467834156,-0.04397171449469921,-0.07871463941366112
2021-07-22,-0.049608410928624405,-0.03457403183248302,-0.0800286274113972
2021-07-23,-0.047247653386528324,-0.03908173822440335,-0.07988304443940712
2021-07-26,-0.05634217266516102,-0.05355895125992165,-0.04869354963617649
2021-07-27,-0.0741371477960638,-0.0601018534430318,-0.09035156776029356
2021-07-28,-0.07143287268818584,-0.05253520095096835,-0.06741458412312133
2021-07-29,-0.054684699245000815,-0.05044017302125452,-0.023885431489190798
2021-07-30,-0.057726229559424594,-0.056968042424988694,-0.056284691054838284
2021-08-02,-0.061567755878350464,-0.05173428054394051,-0.03812869089741659
2021-08-03,-0.04659252907762064,-0.04334328008968162,-0.07072799335108897
2021-08-04,-0.0620192217726931,-0.05354269323986209,-0.06916407073165214
2021-08-05,-0.058488268692648296,-0.04091280880064056,-0.06560797707111359
2021-08-06,-0.06400365905816648,-0.05162529898000816,-0.09255814264751909
2021-08-09,-0.059579134077230436,-0.055322486950950364,-0.049856840280674095
2021-08-10,-0.06259081830366205,-0.057973232893002644,-0.07610851305909909
2021-08-11,-0.05745123676594639,-0.04963803678876415,-0.07388297661070813
2021-08-12,-0.038463552630154066,-0.04145134978698599,-0.050440091171363874
2021-08-13,-0.05782645431512019,-0.0409288033698703,-0.07786017660359505
2021-08-16,-0.04568892175594359,-0.045442343703323604,-0.11405211691712706
2021-08-17,-0.06539071625896416,-0.05657804606357912,-0.10064426927977126
2021-08-18,-0.08473805751262238,-0.05753761664262318,-0.035856462459392266
2021-08-19,-0.056913535269025387,-0.030643267455622333,-0.09335230785332375
2021-08-20,-0.04908037709761122,-0.02584316489505216,-0.060744563046564434
2021-08-23,-0.04897951778836791,-0.050465368290460375,-0.03254710202882265
2021-08-24,-0.05983823458186062,-0.05808184347372873,-0.06772597228442527
2021-08-25,-0.06765808447682527,-0.053433989649204136,-0.06700157368949004
2021-08-26,-0.06476390570942976,-0.06108683656263074,-0.08494359556062907
2021-08-27,-0.05205231842083376,-0.04931201952108881,-0.05548060765540268
2021-08-30,-0.028819665496522998,-0.03850644759971393,-0.044152266918477553
2021-08-31,-0.06766172744863248,-0.05705105087936195,-0.06424578548798258
2021-09-01,-0.05475783812398112,-0.05158400951226132,-0.07304214292326143
2021-09-02,-0.05176214534151942,-0.05367116883938132,-0.07314240771117757
2021-09-03,-0.05500625055767901,-0.05145162534880103,-0.06921548697915351
2021-09-07,-0.043747512067742036,-0.054606174529489834,-0.044448780974024646
2021-09-08,-0.06932066696598001,-0.0513186229605969,-0.0695648693511735
2021-09-09,-0.06594175134060438,-0.0612777998539628,-0.06951338847634396
2021-09-10,-0.09233874213869604,-0.056599603613061863,-0.09545365792955522
2021-09-13,-0.055343115302480664,-0.0470896820885736,-0.061685957103982766
2021-09-14,-0.0687990534681134,-0.041990109479224366,-0.0688212697047577
2021-09-15,-0.053093392874071846,-0.03464026800319901,-0.05559472056324681
2021-09-16,-0.06084710869322903,-0.05010609424844685,-0.06929185785575269
2021-09-17,-0.0775847192179538,-0.0689467385694326,-0.06752408621018029
2021-09-20,-0.08059789421787729,-0.06999311204224205,-0.10943146286936316
2021-09-21,-0.05580884305364815,-0.04971949482595876,-0.05821308847374
2021-09-22,-0.042364466119009306,-0.03859599744244417,-0.05383943846891519
2021-09-23,-0.0525176358554645,-0.04813617732935298,-0.06856580494693203
2021-09-24,-0.058623863953354796,-0.052119464239403654,-0.04329355964675789
2021-09-27,-0.0697868169442792,-0.06872224996780034,-0.04891255634298357
2021-09-28,-0.08303841176541611,-0.08762217838157664,-0.08826497568659968
2021-09-29,-0.05275357192240911,-0.04972531022537767,-0.0660038407880275
2021-09-30,-0.06854882244046297,-0.05874219096408288,-0.07828842904079429
2021-10-01,-0.05110946591007444,-0.02595040353355231,-0.07116190835450435
2021-10-04,-0.08384259165541959,-0.07213788618296972,-0.06268699816529337
2021-10-05,-0.04507819305559686,-0.03146130680974872,-0.07202946966683692
2021-10-06,-0.05292997862465827,-0.03635391820728655,-0.06805947707288244
2021-10-07,-0.050152313199560775,-0.04548204274307159,-0.056952359163924535
2021-10-08,-0.06195859047962833,-0.051418376660216134,-0.0810584540857942
2021-10-11,-0.05986667656016849,-0.05352127808110556,-0.06261509099784494
2021-10-12,-0.06833983250159044,-0.056006523736473565,-0.053426352260060025
2021-10-13,-0.06347665750872618,-0.039706999772766635,-0.06417424054110081
2021-10-14,-0.03901127376011655,-0.029684420793124208,-0.0619001484639166
2021-10-15,-0.05172446475700217,-0.046595963421377104,-0.04063062006150568
2021-10-18,-0.047430577239965535,-0.041293727939540045,-0.038704374626986435
2021-10-19,-0.04415679213953701,-0.04835965005203051,-0.07753848020369129
2021-10-20,-0.055875558108160764,-0.05407867136840354,-0.06905630552229462
2021-10-21,-0.05776288130477576,-0.040520914696550656,-0.03825560882992578
2021-10-22,-0.06452199743136673,-0.05656696992114589,-0.05328751200390962
2021-10-25,-0.059573054515249926,-0.05474998606832608,0.05578936406239894
2021-10-26,-0.054662028026620194,-0.04499233757526504,-0.07710066995592761
2021-10-27,-0.06238428689284488,-0.009304428545862595,-0.0517481807577103
2021-10-28,-0.034245221864194944,-0.04776703515075913,-0.033075870833621665
2021-10-29,-0.07739259371812997,-0.02900446187576726,-0.03651032520162727
2021-11-01,-0.06484432585897544,-0.058203040031968564,0.01408360821632422
2021-11-02,-0.05212091140666082,-0.0400027059673365,-0.10110161485545348
2021-11-03,-0.04943808114117838,-0.04880702142374842,-0.03510988154368637
2021-11-04,-0.06273538545032105,-0.04411284264325181,-0.057604321683737233
2021-11-05,-0.0556544405242015,-0.052547709563915676,-0.07718478949728295
2021-11-08,-0.06478938982317202,-0.04865130137999034,-0.11922732909728388
2021-11-09,-0.05677740007883887,-0.05450437451025818,-0.19072965210701948
2021-11-10,-0.0784001160212003,-0.06674785720697433,-0.027397167633796113
2021-11-11,-0.05957504779292751,-0.04649097790737615,-0.0749841483880223
2021-11-12,-0.04489983363498691,-0.03851331272403895,-0.099119721579413
2021-11-15,-0.05917029929426827,-0.053348904947014206,-0.09020886406278843
2021-11-16,-0.05257002880362867,-0.04118238540014034,-0.030032851137392666
2021-11-17,-0.042746801863073516,-0.0507397815459341,-0.03832541127875459
2021-11-18,-0.03070075517579081,-0.04507827377870348,-0.06405900929572032
2021-11-19,-0.04226084192829378,-0.04602683137461554,-0.03372270155421657
2021-11-22,-0.05630945887515389,-0.060978011133195495,-0.053404497482959765
2021-11-23,-0.05681474266717708,-0.05774514039312144,-0.11217955229071301
2021-11-24,-0.055953185107444695,-0.050737256812813755,-0.06454184707902004
2021-11-26,-0.09091531377695512,-0.07577383435968192,-0.10136421459450289
2021-11-29,-0.03736337390186757,-0.030337459242912243,-0.019926391663193363
2021-11-30,-0.027659057084174668,-0.06936077667784339,-0.06399279615964719
2021-12-01,-0.062443035040828335,-0.05296127902412999,-0.11429425412536957
2021-12-02,-0.06536670581082434,-0.05320580163231019,-0.08032435875434556
2021-12-03,-0.0709610087169928,-0.07108473385606133,-0.13502538033475314
2021-12-06,-0.03773447682084259,-0.04157397663939348,-0.07669870587918397
2021-12-07,-0.023790449386751192,-0.024654750471471407,-0.028468248151544848
2021-12-08,-0.036453800350347024,-0.051268980835885755,-0.054463423979191725
2021-12-09,-0.062206930544263364,-0.05700102388718424,-0.13178306538247336
2021-12-10,-0.031223398325674737,-0.023078676925880434,-0.057646692541109254
2021-12-13,-0.07991109800413328,-0.060584972829191105,-0.12059904977115048
2021-12-14,-0.06726017233653876,-0.08400524419862158,-0.0790011977610972
2021-12-15,-0.03072762735725372,-0.03220052072038175,-0.05259000142986418
2021-12-16,-0.09850062483267326,-0.08055340024190998,-0.12110375235367958
2021-12-17,-0.06573868047126348,-0.05480412590620991,-0.06473117011723932
2021-12-20,-0.06735873746753836,-0.06343183443519478,-0.10581589078078261
2021-12-21,-0.040150017002133456,-0.028349565563136545,-0.027946056537625094
2021-12-22,-0.043918055768934997,-0.03336073833576618,0.0041204356737453846
2021-12-23,-0.05559300210662184,-0.04694675836282118,-0.013207756508111276
2021-12-27,-0.03626208708414576,-0.028232494351024193,-0.04557822806435401
2021-12-28,-0.06500399504322847,-0.05492264920748695,-0.07582689490621446
2021-12-29,-0.05873487984596533,-0.049367198045302804,-0.0729213298396049
2021-12-30,-0.0658151386319596,-0.059109418083181084,-0.08541888794706702
2021-12-31,-0.062772151262189,-0.06025959221898451,-0.08349546038728088
2022-01-03,-0.034232813985272184,-0.056086531875886456,0.06449006462634972
2022-01-04,-0.07192838262552177,-0.06856564981630657,-0.11265931639954889
2022-01-05,-0.08583659400822614,-0.08980620113649977,-0.12429783324025727
2022-01-06,-0.07593011140725055,-0.05932023754085396,-0.092349993394275
2022-01-07,-0.058248395391851185,-0.050908504648905326,-0.1062731870151377
2022-01-10,-0.059120902045850146,-0.050686184463167236,-0.04048466614961903
2022-01-11,-0.042453064582987546,-0.0491591022442313,-0.06489159490582223
2022-01-12,-0.05666659388323543,-0.04097346640989134,-0.0315368706315791
2022-01-13,-0.07826491316473534,-0.09374081474738886,-0.13831769287777856
2022-01-14,-0.05412617593411591,-0.03370168736669958,-0.0533288609883618
2022-01-18,-0.07813088984131118,-0.07575743426187569,-0.08902386079595186
2022-01-19,-0.08026159076696833,-0.04917194945252672,-0.10465451648199268
2022-01-20,-0.06958401431043544,-0.05712153416121728,-0.07020391568054211
2022-01-21,-0.07200177127216252,-0.06988649856345124,-0.12339268668849294
2022-01-24,-0.0641011266714306,-0.05026993875129686,-0.08555274943561657
2022-01-25,-0.07062173550407276,-0.07800682095609916,-0.08329974440591086
2022-01-26,-0.05979999761969319,-0.02292522322928363,-0.05012756698070957
2022-01-27,-0.062180183239784206,-0.04086916403781142,-0.18636837518312538
2022-01-28,0.010540891344595835,-0.023336819905861714,-0.05002092679655061
2022-01-31,-0.03311103910266973,-0.04259456476613703,0.03594949427588863
2022-02-01,-0.06020956522822858,-0.058557054012900164,-0.0766661462008184
2022-02-02,-0.05219250548068073,-0.03619644275931559,-0.09830581116233543
2022-02-03,-0.07595673268316801,-0.09037067553758608,-0.0868591145882998
2022-02-04,-0.060916257298790535,-0.035849724669170954,-0.034715509879207615
2022-02-07,-0.0634712652387563,-0.06772882300342035,-0.08813380598475844
2022-02-08,-0.04076999556450829,-0.03942318730981435,-0.054669429040008086
2022-02-09,-0.05094320526641212,-0.029583406136657595,-0.05998069913624886
2022-02-10,-0.08283572471295571,-0.07979150787141791,-0.10027939058088912
2022-02-11,-0.07945504034404456,-0.07569245603369816,-0.12007764925968505
2022-02-14,-0.057813744463043396,-0.05155377117169972,-0.05250095519128588
2022-02-15,-0.036084461016393135,-0.03287619236258736,-0.01753585528065242
2022-02-16,-0.06062575897663765,-0.05258561775998964,-0.06978586632248089
2022-02-17,-0.08050594170648968,-0.08070042331833953,-0.12176931857008182
2022-02-18,-0.06859274617382778,-0.06104944463813959,-0.09292965486014164
2022-02-22,-0.07704910434348562,-0.05214767130974245,-0.11219286179794945
2022-02-23,-0.08510111441541719,-0.07731158886662841,-0.14080579555869038
2022-02-24,-0.04255639611441982,-0.00032480209413270067,-0.022753164560793057
2022-02-25,-0.04627145692766661,-0.04218531753663339,-0.05946258823859134
2022-02-28,-0.05759906139082445,-0.04644009059580893,0.003950848970166246
2022-03-01,-0.07086478650376922,-0.06427030031286989,-0.07778876290897944
2022-03-02,-0.038648703899768114,-0.03365270777561018,-0.0528713224489044
2022-03-03,-0.06121809420959663,-0.0656427135131084,-0.11696872405167862
2022-03-04,-0.07764478626226907,-0.07189713360918719,-0.07201813919000603
2022-03-07,-0.08295477655738666,-0.08919512960742164,-0.11103942460542342
2022-03-08,-0.07091280929091133,-0.06238962360863358,-0.046192677460188666
2022-03-09,-0.024239196249236164,-0.0055602682332827474,-0.028893044384563235
2022-03-10,-0.08642318148572743,-0.061504724372151306,-0.09489037489356959
2022-03-11,-0.08314560748632845,-0.0707470284264347,-0.12206120546447378
2022-03-14,-0.08579914652679661,-0.06437945925598491,-0.10726342193210829
2022-03-15,-0.02955943759905473,-0.012675796162551475,-0.024478264017167503
2022-03-16,-0.030221785016755723,-0.02620460001466278,-0.02301457913814224
2022-03-17,-0.0527827772968988,-0.048599412260735206,-0.03349160909439823
2022-03-18,-0.03831770744505654,-0.0337705179017314,-0.032058825286916545
2022-03-21,-0.05069913688328616,-0.05564548988013955,-0.05340865567466983
2022-03-22,-0.03843631416201905,-0.03503910147365223,0.008225818218370498
2022-03-23,-0.05100323019137039,-0.06644822024277057,-0.06566548350558059
2022-03-24,-0.03655890966554816,-0.036025768220552076,-0.056003491143285664
2022-03-25,-0.05550264569617498,-0.05279971734969828,-0.07406155754373815
2022-03-28,-0.054200369135171414,-0.02830166630540236,0.009518458797761212
2022-03-29,-0.04010235857901463,-0.03625900285329635,-0.0637467614674803
2022-03-30,-0.0658863886636319,-0.0563328318667881,-0.07590137370857224
2022-03-31,-0.07701273017102213,-0.06910139738875647,-0.08580843270576037
2022-04-01,-0.06095487005959217,-0.04781792579001225,-0.06434002019514833
2022-04-04,-0.03554333968247121,-0.033481618302210456,-0.014713206575829127
2022-04-05,-0.07817867976547062,-0.0644038481041385,-0.11813559110762199
2022-04-06,-0.07768790482275752,-0.08802406562551217,-0.11252151385778923
2022-04-07,-0.057432825745128493,-0.045174575613592435,-0.05982980345820814
2022-04-08,-0.07114562441016432,-0.06601850677264758,-0.1008760675288393
2022-04-11,-0.08475270350528959,-0.0908499509427239,-0.11915470563722556
2022-04-12,-0.0477134182670705,-0.062636219480015,-0.059534805996921444
2022-04-13,-0.042894241000333524,-0.03170626665047398,-0.03493826352750799
2022-04-14,-0.0892252383962034,-0.07850278980236684,-0.10737893837185357
2022-04-18,-0.06056760593218731,-0.04895252008721211,-0.051242886132257845
2022-04-19,-0.04512164571692774,-0.03437862118133887,-0.0470685261181714
2022-04-20,-0.06025236215392167,-0.04770288950891759,-0.12038165627712187
2022-04-21,-0.06408062593024484,-0.07079965695373484,-0.03850977890096567
2022-04-22,-0.08705798367369295,-0.0755627647182006,-0.07452419623581612
2022-04-25,-0.05249953516194579,-0.02700510462684229,-0.07782126495131463
2022-04-26,-0.09656522715140832,-0.08882212907984803,-0.19266783838290963
2022-04-27,-0.060703330784754164,-0.003309472810354694,-0.06501894109294763
2022-04-28,-0.014081465047495925,-0.028785650592370524,-0.07536432245194695
2022-04-29,-0.0958418382746526,-0.09323040257878827,-0.07851883977701228
2022-05-02,-0.05727016746158993,-0.026375091020199012,-0.0338703348490879
2022-05-03,-0.04961434646549574,-0.060874827020467134,-0.06383833980145752
2022-05-04,-0.018228452754373972,-0.022317595495436923,-0.023127973798735366
2022-05-05,-0.11495295691318881,-0.09497293347955087,-0.15411277273890106
2022-05-06,-0.05450980157952319,-0.06086495341549018,-0.07956380026161118
2022-05-09,-0.09242594229678165,-0.08836367994316978,-0.1615561076359177
2022-05-10,-0.043124669737536994,-0.0328228545458709,-0.054399445577048275
2022-05-11,-0.11107808676342008,-0.0846282767381679,-0.1533724479998813
2022-05-12,-0.08613117325301341,-0.07137596255437799,-0.0790010063144682
2022-05-13,-0.027320501480368423,-0.028822128359181673,-0.013697525871963864
2022-05-16,-0.06990924663892269,-0.0499629363228498,-0.12958518118179357
2022-05-17,-0.03381421019025373,-0.031073924096432434,-0.01941644177389161
2022-05-18,-0.1156561371417499,-0.09694824464152534,-0.13884041768747996
2022-05-19,-0.08387788717977647,-0.055118069556332736,-0.07137608301107438
2022-05-20,-0.05748973879841175,-0.05370962709479736,-0.13499167672483953
2022-05-23,-0.01911770733238434,-0.01938657996006725,-0.05425790540356128
2022-05-24,-0.0784526938143177,-0.05536966629774191,-0.14008126646849678
2022-05-25,-0.05809671546928115,-0.04024831022775714,-0.0220492404454629
2022-05-26,-0.036037508623429984,-0.03854327450808408,0.0034447698048722525
2022-05-27,-0.0184802341446358,-0.02381401992456471,0.0025064429740051103
2022-05-31,-0.06458290734661261,-0.05643210199098096,-0.0726301829524763
2022-06-01,-0.06011035044171194,-0.0493954146137741,-0.09442010976369435
2022-06-02,-0.04242538509392342,-0.04348966317570584,-0.024052639524680106
2022-06-03,-0.0977926995972321,-0.06802549436430964,-0.16302021944869055
2022-06-06,-0.054009044677562804,-0.05612163343230929,-0.054779417885060286
2022-06-07,-0.041651077148321905,-0.03746490236853765,-0.0682805636735269
2022-06-08,-0.06428012172730153,-0.05908799887017406,-0.05835210313081944
2022-06-09,-0.0951925753446456,-0.07220193135708212,-0.07975717487188332
2022-06-10,-0.09786549949045649,-0.09598177658900368,-0.10201753079780422
2022-06-13,-0.09752165328003855,-0.09383111577590501,-0.14184815947048052
2022-06-14,-0.05256423162760944,-0.04221338076219698,-0.04693946250778018
2022-06-15,-0.03912549706947284,-0.02168307998846357,-0.01600294875979351
2022-06-16,-0.09888817238351473,-0.07838850661718881,-0.15623431868996346
2022-06-17,-0.04770379522136976,-0.04047816394900887,-0.05365163927955123
2022-06-21,-0.02647577936390884,-0.026827139748329995,0.022717728458057487
2022-06-22,-0.06306418604079274,-0.0538225978192121,-0.07483442544757439
2022-06-23,-0.03766331220401249,-0.028781810822404982,-0.07513293045336937
2022-06-24,-0.034719591984175915,-0.017268654019504878,-0.025577726112827645
2022-06-27,-0.059236841258667974,-0.06191517934347006,-0.07402827007620665
2022-06-28,-0.08902637172613866,-0.08316735417825298,-0.12087017738823229
2022-06-29,-0.04621287735911335,-0.03668018287451073,-0.08876380194432969
2022-06-30,-0.07726456599251082,-0.06459783175614923,-0.08840584736279837
2022-07-01,-0.04307260300006861,-0.04071081249627988,-0.05839748789644088
2022-07-05,-0.04030645632700354,-0.038821234296456716,-0.045290914749446284
2022-07-06,-0.04962934521259872,-0.03863526924773279,-0.07654742156380649
2022-07-07,-0.035237629238418736,-0.04319174492796511,-0.015547574682827789
2022-07-08,-0.054522096754895236,-0.05417540309621498,-0.045391449875820375
2022-07-11,-0.07399445951731017,-0.0631871894641121,-0.13630667904488952
2022-07-12,-0.05240325552517884,-0.09239971805187157,-0.07626023120040963
2022-07-13,-0.06177368593281414,-0.055163338342790344,-0.05379317108374808
2022-07-14,-0.03875417647799291,-0.04603692934285446,-0.06545475834450602
2022-07-15,-0.047786823861900876,-0.0410280655561988,-0.06346938802256079
2022-07-18,-0.07988004258245603,-0.061039730972992465,-0.06882719275320297
2022-07-19,-0.032514838009734495,-0.03065146253175581,-0.05010990134410402
2022-07-20,-0.04572705448949284,-0.04086085148311151,-0.06280315509676763
2022-07-21,-0.0441426197605231,-0.04161918600632335,0.026978087665114406
2022-07-22,-0.06734750904573135,-0.06833425005624232,-0.06885139334352268
2022-07-25,-0.06663497803092917,-0.05729494298739661,-0.08482155503496118
2022-07-26,-0.0680632932260828,-0.07819252210341714,-0.10649035077467399
2022-07-27,-0.02500224089226795,0.01543334863405628,-0.009171582571200251
2022-07-28,-0.05566495394887967,-0.022877777686412012,-0.048703097220694366
2022-07-29,-0.026444020025522333,-0.03575317206874522,-0.01297684970551076
2022-08-01,-0.06539019602475611,-0.06114260874927917,-0.07040030803927859
2022-08-02,-0.06852430869234523,-0.06289300856839568,-0.05969221896521719
2022-08-03,-0.02098906012005071,-0.023581725639017434,-0.048170932402164676
2022-08-04,-0.06116300803839432,-0.04724101891625736,-0.06680359670993478
2022-08-05,-0.06062590897038929,-0.05402717581941678,-0.1371296263870117
2022-08-08,-0.062139907497735083,-0.0605731670448381,-0.06300718551054123
2022-08-09,-0.05893343482419795,-0.044355421564991546,-0.09523924542780597
2022-08-10,-0.03304253022030486,-0.027117706776220538,-0.03192080179665484
2022-08-11,-0.06366841018848753,-0.05881904101885553,-0.09707591210762738
2022-08-12,-0.037811026448277454,-0.0343811855378016,-0.02407647593500721
2022-08-15,-0.05290340072322726,-0.04607431711736147,-0.03986302064758167
2022-08-16,-0.06016072453989381,-0.054008015184551825,-0.07973869535656512
2022-08-17,-0.05045214693254858,-0.054054613781299984,-0.07919895307464535
2022-08-18,-0.06152859769422121,-0.05536614195130833,-0.07453283928455749
2022-08-19,-0.07433852073832055,-0.06527218593585475,-0.09130847224957643
2022-08-22,-0.08226643891678638,-0.0807736447846215,-0.09359064197100479
2022-08-23,-0.06126576412698466,-0.056134734694657726,-0.04826812408768859
2022-08-24,-0.057442833990985,-0.05376999639068862,-0.06865649367635455
2022-08-25,-0.04431423088309379,-0.04032276182780907,-0.0742823039701304
2022-08-26,-0.09693607760754015,-0.09000552567669688,-0.09777974142283778
2022-08-29,-0.07292706557384927,-0.06208631211286468,-0.08217720117069276
2022-08-30,-0.07454230831098292,-0.05993940621928133,-0.09582484628238379
2022-08-31,-0.06987194477750765,-0.05712247368804883,-0.07835282324939911
2022-09-01,-0.05452978277829164,-0.05551074856878428,-0.06520266399965684
2022-09-02,-0.07284815552827457,-0.06808488344251122,-0.09590243178452378
2022-09-06,-0.06745195571392477,-0.06239233003696536,-0.05524606330794972
2022-09-07,-0.04998275560795602,-0.03230676027077743,-0.03700984846359483
2022-09-08,-0.06885487179001833,-0.04975251334400514,-0.05122846193438173
2022-09-09,-0.04039722989249579,-0.02844138855527327,-0.03480372473395903
2022-09-12,-0.02072877275576153,-0.043137135866170115,-0.05500967860039423
2022-09-13,-0.11791634982577677,-0.10639693517404362,-0.11119850052662632
2022-09-14,-0.04968150341576434,-0.05050549276059706,-0.034952247559237246
2022-09-15,-0.0781665366719488,-0.07853769660445813,-0.0670593458328033
2022-09-16,-0.07019694184293708,-0.05402656009023436,-0.07214347189752583
2022-09-19,-0.034154016734883344,-0.05231728423011388,-0.0519705091114198
2022-09-20,-0.043571251897129695,-0.059883857492542256,-0.0719266821053484
2022-09-21,-0.07950465465861341,-0.06585444538831335,-0.09651256816305524
2022-09-22,-0.06561187090698235,-0.04292289529556052,-0.11141834812253863
2022-09-23,-0.07436070906678256,-0.064116447728416,-0.11677419201530774
2022-09-26,-0.05697664014697963,-0.053393851090047725,-0.06835677164810532
2022-09-27,-0.05267053584747579,-0.05579815314045271,-0.045718861038047495
2022-09-28,-0.07188867045218979,-0.03170698285341604,-0.053614507189187185
2022-09-29,-0.10835568788029422,-0.06622735885906321,-0.13892712430535675
2022-09-30,-0.08927619300613439,-0.0707868095041168,-0.08186271646279346
2022-10-03,-0.02848428867503057,-0.017755732985946168,-0.15697178866244293
2022-10-04,-0.033613854432406345,-0.017606047928806753,-0.04178367929037678
2022-10-05,-0.057183477974227806,-0.050132687171510246,-0.10542413719630232
2022-10-06,-0.06586241271579248,-0.06108923298710271,-0.08195569519546202
2022-10-07,-0.09595545269784496,-0.10227123309759915,-0.13406937457031304
2022-10-10,-0.056881208450488455,-0.07272141221264332,-0.07131974103533482
2022-10-11,-0.06949203983496029,-0.06816861301307713,-0.09980045576426726
2022-10-12,-0.06384192104967652,-0.04991009283937879,-0.06740858033402546
2022-10-13,-0.025623676134036336,-0.01381025564642728,-0.050204286594091305
2022-10-14,-0.0914767995862132,-0.0756671902607045,-0.14628212937503132
2022-10-17,-0.030114347978795822,-0.012172598259278009,-0.0007744207949771792
2022-10-18,-0.049827242408958375,-0.04733460874049071,-0.06699714012636875
2022-10-19,-0.05847183785422512,-0.059888186959638975,-0.06242482645649332
2022-10-20,-0.06250361969855452,-0.05281373599941201,-0.1373011059313583
2022-10-21,-0.03217801798330762,-0.026137891736113292,-0.036283954066143306
2022-10-24,-0.04443419238905906,-0.030230440023353997,-0.08570258675745172
2022-10-25,-0.0398990975245624,-0.037626722072742244,-0.017950888586165045
2022-10-26,-0.07886404761329453,-0.12857458195416055,-0.06084549718692993
2022-10-27,-0.08970218600641573,-0.07117460329928853,-0.06882342801487722
2022-10-28,0.01631573715547667,-0.011197913557427872,-0.05558823496004055
2022-10-31,-0.0746472511959116,-0.06727447049716566,-0.07511513246384798
2022-11-01,-0.07677943617908174,-0.06847801203869945,-0.06959600496226019
2022-11-02,-0.09654203573687188,-0.08678663081159059,-0.12718695308938127
2022-11-03,-0.10164183293209557,-0.07799707590686215,-0.0692915845014939
2022-11-04,-0.06118391878626524,-0.01809288672190283,-0.10723921733773949
2022-11-07,-0.05533475410278406,-0.022148803586141505,-0.1209061458974268
2022-11-08,-0.05506186521326624,-0.047029868247429316,-0.10015480469430864
2022-11-09,-0.09242665307780869,-0.0704685781887429,-0.14249419141472836
2022-11-10,0.029737592060416526,0.030849689009535067,0.0031077526060045574
2022-11-11,-0.03996811314311051,-0.0344209728878631,-0.04329935463893801
2022-11-14,-0.06872237079271655,-0.07391852592578212,-0.09644280694511802
2022-11-15,-0.04736733793612642,-0.04967961706459127,-0.05265431646752887
2022-11-16,-0.06756811599912556,-0.04959488340048228,-0.1094028980874167
2022-11-17,-0.046265434698128896,-0.05162524830241637,-0.09088867839465735
2022-11-18,-0.05545507822303526,-0.053321770546731415,-0.08709563609084629
2022-11-21,-0.08091703840319449,-0.04797744679527764,-0.13919893299532143
2022-11-22,-0.044575721828095174,-0.0391069408867049,-0.058674307630024056
2022-11-23,-0.05331032617592164,-0.04101147440010826,0.007391219290622655
2022-11-25,-0.07883051904479228,-0.05178178353140432,-0.07268249480116255
2022-11-28,-0.0855012125113725,-0.07457094722178663,-0.07049851304262104
2022-11-29,-0.08038512164601148,-0.05733332174621368,-0.08225235955255154
2022-11-30,-0.010642811824303669,0.010205184261053282,0.005875227346617343
2022-12-01,-0.057345376759780756,-0.05318199806045769,-0.07082661956342089
2022-12-02,-0.06260805752488026,-0.05012263485643857,-0.07000482364859133
2022-12-05,-0.0672200038680661,-0.07031910086533104,-0.13451338761863024
2022-12-06,-0.0846068898711458,-0.07172201370007474,-0.0852414711283103
2022-12-07,-0.07302174804304203,-0.05447796440377588,-0.1029699506871065
2022-12-08,-0.04710428958667097,-0.039019314905603994,-0.07427405042915385
2022-12-09,-0.06267160746377572,-0.05942159916914651,-0.03848113679483749
2022-12-12,-0.04284687785791104,-0.022529129842859638,-0.1335465052720674
2022-12-13,-0.05245414802689859,-0.03395367612237603,-0.11176339751686297
2022-12-14,-0.07477286538206447,-0.05025059318306484,-0.0966109872252539
2022-12-15,-0.10609109705855808,-0.08333665465405597,-0.06527818142403934
2022-12-16,-0.07381572166406387,-0.06876710888628117,-0.11801379865778609
2022-12-19,-0.07514637456845259,-0.06874642328895579,-0.07322294932837985
2022-12-20,-0.0597656789076116,-0.04580388537798412,-0.15136303418058178
2022-12-21,-0.03542737308188822,-0.04054163646677637,-0.07249567415301099
2022-12-22,-0.08300941457380125,-0.07694710574797996,-0.15965418516278945
2022-12-23,-0.062034851827215756,-0.04915125857875817,-0.08837745302989579
2022-12-27,-0.07311528792479545,-0.05883256451813372,-0.1849151528778547
2022-12-28,-0.08992203854200427,-0.0616733306830262,-0.03773770424865246
2022-12-29,-0.030912453364949036,-0.02378866639724246,0.010000287404468414
2022-12-30,-0.05676823458830811,-0.05635594565924611,-0.05966260204775402
2023-01-03,-0.09664143548673772,-0.0524190352615858,-0.19324910530537825
2023-01-04,-0.04892247182439287,-0.09516166423561116,-0.019577766707483055
2023-01-05,-0.06984161805335427,-0.08105610066176554,-0.09986571732373299
2023-01-06,-0.022442660557578112,-0.039633029442604426,-0.04617552919747818
2023-01-09,-0.05514789479333422,-0.04168199191098303,-0.011477608159142824
2023-01-10,-0.05478042118730826,-0.04380135835018399,-0.07850799382017275
2023-01-11,-0.0381245424433861,-0.02118021674434027,-0.03405755938094583
2023-01-12,-0.059836156168548385,-0.03979699092267035,-0.06806735698817006
2023-01-13,-0.04911791666840688,-0.048399390008379936,-0.08021473914609382
2023-01-17,-0.05048025254100248,-0.04673679477402075,0.003438117805583743
2023-01-18,-0.06460691470235287,-0.07030754271696608,-0.09143660207656383
2023-01-19,-0.05879318725986045,-0.06787217708973396,-0.08332856571664897
2023-01-20,-0.040016094269143945,-0.015674847427562796,-0.021679807500902412
2023-01-23,-0.03573624938003424,-0.0415941096110453,0.006598069185069069
2023-01-24,-0.049173777743650796,-0.05364433816288476,-0.06985271076586645
2023-01-25,-0.06393775588147406,-0.05732660689337114,-0.0670737994339932
2023-01-26,-0.044433257751586755,-0.02070486145176402,0.03884597200305247
2023-01-27,-0.045552693795882185,-0.050773149028201556,0.03917518460482668
2023-01-30,-0.07931507355739505,-0.07337998910323511,-0.13400812951285507
2023-01-31,-0.050215680734605764,-0.030405683614995113,-0.03146506061437852
2023-02-01,-0.05133615498998674,-0.03148366384674976,-0.023545691358304574
2023-02-02,-0.022174214120028582,-0.004534178384718854,-0.03301172252428701
2023-02-03,-0.03483703896832287,-0.07503875231739025,-0.06174396477894732
2023-02-06,-0.07716561755838498,-0.057534301543198316,-0.04566608220793959
2023-02-07,-0.039992125894912814,-0.009396297381840488,-0.060300828284012106
2023-02-08,-0.07688947052836721,-0.05452050506757071,-0.04806357000743815
2023-02-09,-0.06614849200003699,-0.06307821840483101,-0.040869770046742235
2023-02-10,-0.05678073466196161,-0.05339079097139958,-0.12113535758241616
2023-02-13,-0.04043000206243692,-0.020175621847104128,-0.08225432034545614
2023-02-14,-0.0634616487238286,-0.04828532993753791,0.004235036088888713
2023-02-15,-0.045333650541121776,-0.0594111801168085,-0.04697952043240976
2023-02-16,-0.06966628234550538,-0.07804126059781084,-0.12777215678438852
2023-02-17,-0.0667834014557462,-0.06702010989914357,-0.03979313866451188
2023-02-21,-0.08591665546519385,-0.07230501151758033,-0.12334451390178074
2023-02-22,-0.056340785374341465,-0.056009255382664366,-0.05314406608769166
2023-02-23,-0.05594630357030013,-0.03845655475484282,-0.0648024897705786
2023-02-24,-0.07724197295000741,-0.07320282705294771,-0.0965107995668341
2023-02-27,-0.05098949275564986,-0.04764662590683803,-0.016224833026496285
2023-02-28,-0.0626844083784512,-0.05437655063419515,-0.08007382913714782
2023-03-01,-0.07348322666120317,-0.06404748378493867,-0.08511859538108583
2023-03-02,-0.05510763410913573,-0.03176523005684233,-0.12936590114289376
2023-03-03,-0.024146522248267813,-0.034772326068794254,-0.03473442674027964
2023-03-06,-0.04069756231736983,-0.04522933768129715,-0.09094895063495005
2023-03-07,-0.07373349589612173,-0.06200741192477603,-0.10230069686370229
2023-03-08,-0.05085951419933761,-0.05318896616398609,-0.10124591800056364
2023-03-09,-0.07415142433814333,-0.0568577705949727,-0.1207167395142708
2023-03-10,-0.07311557154213429,-0.0662014155534844,-0.06781942387774391
2023-03-13,-0.04597079875245942,-0.029977396938090803,-0.06483034839475459
2023-03-14,-0.04514786327085625,-0.024362580946849774,-0.020505671636488462
2023-03-15,-0.05661530413777312,-0.03358792477186316,-0.08616001279065337
2023-03-16,-0.04054276830639976,-0.010881999559939667,-0.05043311445504543
2023-03-17,-0.06469078284721792,-0.039723920295619705,-0.09255040109780881
2023-03-20,-0.04375298211048924,-0.07718507229741804,-0.05350582329065516
2023-03-21,-0.04729283065292551,-0.04572450533315102,0.007372571874803849
2023-03-22,-0.06834028458972115,-0.0568609428050814,-0.1033704391553875
2023-03-23,-0.05226725673789841,-0.031696632197300054,-0.06522888292525923
2023-03-24,-0.05093145956942731,-0.04093793762949054,-0.08024290063250476
2023-03-27,-0.0715298913473071,-0.0663522854706146,-0.06347409674655928
2023-03-28,-0.0632171357684805,-0.05557917141876549,-0.08448594467960584
2023-03-29,-0.039446143021932015,-0.032234570625961065,-0.04603671322120388
2023-03-30,-0.04934720405756672,-0.03879866618542009,-0.0636056898067368
2023-03-31,-0.043592368661494144,-0.036456059100733504,-0.008454599844514507
2023-04-03,-0.05153546908002345,-0.05512972353039329,-0.1319950473602472
2023-04-04,-0.062486412087591384,-0.051592583532336575,-0.08207066327326577
2023-04-05,-0.0705269875547156,-0.06130750186712956,-0.10748669585102692
2023-04-06,-0.05374109199209738,-0.025885692473721453,-0.07330617272897393
2023-04-10,-0.07520902195517405,-0.05899704807547772,-0.0737986451714057
2023-04-11,-0.0668279364969628,-0.074086740551827,-0.05846957199322893
2023-04-12,-0.06359019929676508,-0.049085070964444186,-0.10428665609988556
2023-04-13,-0.025133258381782334,-0.029018984600516037,-0.04113790343581662
2023-04-14,-0.06135079943234907,-0.06418374220733873,-0.07566789942373946
2023-04-17,-0.059115683657102805,-0.04212245438736488,-0.05979962882756777
2023-04-18,-0.051732237920951565,-0.05290727130650845,-0.08542240562807694
2023-04-19,-0.05226863622041218,-0.05114091988331819,-0.09101001313934691
2023-04-20,-0.06508307054159186,-0.05953087484987134,-0.16828490186935968
2023-04-21,-0.06901757487295719,-0.052641621570283,-0.05800376989502025
2023-04-24,-0.05735846677785135,-0.06538118677384612,-0.08615251459149413
2023-04-25,-0.06867252689985322,-0.0739543905978594,-0.08239232148600954
2023-04-26,-0.05929790559880839,0.021016449723911326,-0.11389625451585865
2023-04-27,-0.030841602683250383,-0.019390762750208387,-0.028940424822567132
2023-04-28,-0.05169588904964735,-0.04344651771559542,-0.04510719229332953
2023-05-01,-0.05976709650426122,-0.05695145112432336,-0.08592001475779847
2023-05-02,-0.06542837587890889,-0.05190923968564613,-0.08021921831064065
2023-05-03,-0.06570429425700504,-0.054725320479494674,-0.06895522628585464
2023-05-04,-0.06915001618703571,-0.04810046067919131,-0.06715314757756378
2023-05-05,-0.012309952569129992,-0.034261158467418215,-0.015863835580265426
2023-05-08,-0.05964006828410802,-0.05785621312963134,-0.06065376438069041
2023-05-09,-0.06920790483136992,-0.05676431547656828,-0.08619421658783703
2023-05-10,-0.04881621200119442,-0.03412197886572947,-0.07443288992914647
2023-05-11,-0.058142063390004564,-0.05846266334501153,-0.04982265204271523
2023-05-12,-0.06465447101855722,-0.055094459874328525,-0.09465278216156485
2023-05-15,-0.06213411192824543,-0.04983276249232675,-0.08053009417635786
2023-05-16,-0.059236841258667974,-0.0440505647883314,-0.0698046889189488
2023-05-17,-0.05563361463774659,-0.04196680739663221,-0.026747853351759818
2023-05-18,-0.045570714310547336,-0.037023525852215175,-0.05339881116206473
2023-05-19,-0.0586086693094728,-0.051983302674952256,-0.05245361933042862
2023-05-22,-0.06471737927330708,-0.04249702169919027,-0.022364336022185724
2023-05-23,-0.07439184027177943,-0.06985056653672532,-0.08723997756029671
2023-05-24,-0.057604595337688316,-0.05589093021638085,-0.08627588645242405
2023-05-25,-0.05254477624849903,-0.012960404527149902,-0.062242653589604166
2023-05-26,-0.0451319503253967,-0.030032753835902024,-0.02366449623349602
2023-05-30,-0.04857744718446384,-0.05646533638136268,-0.029464060320779015
2023-05-31,-0.059518821626610666,-0.05993243731947111,-0.05705654120169705
2023-06-01,-0.04321411717733421,-0.03865922150985206,-0.05322248223386565
2023-06-02,-0.05446155877325161,-0.04293920263954569,-0.03974529335173775
2023-06-05,-0.06680796931280016,-0.04980833898455832,-0.05381489189654136
2023-06-06,-0.06129720896839437,-0.05814560498771486,-0.05382373854754667
2023-06-07,-0.06699310377072805,-0.08228630715385059,-0.05609610670097358
2023-06-08,-0.043771801944098535,-0.04560483995596436,-0.025005748785798018
2023-06-09,-0.05707690067559763,-0.04671448540912797,-0.03020670445935729
2023-06-12,-0.043598141576940266,-0.035934268903367525,-0.04860891060197896
2023-06-13,-0.06184856441232396,-0.044065910683827744,-0.03528249132045484
2023-06-14,-0.0557455091818458,-0.042294387700526445,-0.07824799088100158
2023-06-15,-0.04803813309893286,-0.019521692276027555,-0.07429254354341001
2023-06-16,-0.06509673263616995,-0.06799430318941772,-0.05269447904326734
2023-06-20,-0.058750125149756485,-0.0639208753674068,-0.017437492343403124
2023-06-21,-0.0649122390908859,-0.06470029269445758,-0.1254450203111877
2023-06-22,-0.04271146403303468,-0.032981155428706097,-0.050977725452222164
2023-06-23,-0.06094793704978625,-0.06522419709514397,-0.10109750763064466
2023-06-26,-0.0667899766011348,-0.07058136936149977,-0.13142678589967866
2023-06-27,-0.04417764561140565,-0.033250357711829756,-0.032826190000503394
2023-06-28,-0.052909135011617384,-0.04759273988237704,-0.04672692986794229
2023-06-29,-0.05744022341496742,-0.05380029885629471,-0.06590931620077049
2023-06-30,-0.03613445349466422,-0.03503265399400406,-0.054244137956928104
2023-07-03,-0.06702144134179218,-0.058906392858313714,-0.0018728851091472237
2023-07-05,-0.06510814549842499,-0.05094522867924227,-0.0613204956534628
2023-07-06,-0.056728203316808015,-0.042191680161440856,-0.09185466477152497
2023-07-07,-0.0651282834575891,-0.06328568641155811,-0.07845667598904608
2023-07-10,-0.0700925881656251,-0.06740207937856495,-0.0883903241615303
2023-07-11,-0.06204689226938749,-0.04948962349999268,-0.07015890247896421
2023-07-12,-0.05025113169980984,-0.03719157334375138,-0.06267219716164822
2023-07-13,-0.055179499882768226,-0.03522609981791551,-0.04909786529192477
2023-07-14,-0.058449358290737344,-0.043889136933803516,-0.05830408965064797
2023-07-17,-0.04193150547508824,-0.049999026894946216,-0.03884140439595267
2023-07-18,-0.0605770810241459,-0.011618437276496071,-0.060633109661550486
2023-07-19,-0.05216500680272647,-0.06368581729768334,-0.07791732181416249
2023-07-20,-0.06933429826388289,-0.07453991630865624,-0.16819671816350584
2023-07-21,-0.06539843453653522,-0.060355580533305295,-0.08178137403156475
2023-07-24,-0.05501684789895307,-0.04752031373730552,-0.03606002881317476
2023-07-25,-0.05472323182792589,-0.03440930991155282,-0.08487552617754383
2023-07-26,-0.05469177492932238,-0.08905598263654228,-0.07433232176509712
2023-07-27,-0.06581777684594077,-0.07229054915831638,-0.10351055824381243
2023-07-28,-0.04572911154885702,-0.028287024047210216,-0.028865040251643534
2023-07-31,-0.05607071405843918,-0.05865893801896353,-0.06711099794015234
2023-08-01,-0.06351277548027874,-0.050167971406392106,-0.0946084896817551
2023-08-02,-0.0747268775535674,-0.07770150066579677,-0.09748616113697144
2023-08-03,-0.06655849489123351,-0.05398319915865772,-0.050323661390373295
2023-08-04,-0.10725696263411429,-0.04798966156263633,-0.09188171195758658
2023-08-07,-0.07649035952288481,-0.044309989642865186,-0.08032005553724535
2023-08-08,-0.05392513001336281,-0.06371730133870261,-0.07778625376997932
2023-08-09,-0.06819123357551533,-0.06313426095302659,-0.10090268924151784
2023-08-10,-0.06047156526809945,-0.04924624545748983,-0.05782032754174064
2023-08-11,-0.0588992884283593,-0.05736372312067688,-0.0817910056462408
2023-08-14,-0.04984360804318151,-0.04197949694477092,-0.08273677601238964
2023-08-15,-0.07043705106588612,-0.058145991423763574,-0.09918826432803522
2023-08-16,-0.06419615001711827,-0.05384692368598025,-0.10242002786629538
2023-08-17,-0.07379188145408562,-0.06240457251096947,-0.09910678228595664
2023-08-18,-0.05642068235505755,-0.05268060267528667,-0.0878414708852389
2023-08-21,-0.051500083996714865,-0.03435586153183716,0.002448209354961109
2023-08-22,-0.05133217376656159,-0.04961637248183397,-0.06256821558473517
2023-08-23,-0.03728775824040016,-0.03733911351325485,-0.05508838837631207
2023-08-24,-0.08540737165257069,-0.07291692821548539,-0.09962003046709682
2023-08-25,-0.046593503809898865,-0.042011157686723075,-0.03365915607317897
2023-08-28,-0.05039099971156265,-0.04918912715634165,-0.06986257668711197
2023-08-29,-0.03742649953102768,-0.03686785809210118,0.006051300160604803
2023-08-30,-0.040064484480417065,-0.05026120576976893,-0.07191534647558721
2023-08-31,-0.05806455014268759,-0.054551204379147664,-0.06623342102774203
2023-09-01,-0.05077334466004964,-0.04867228834757102,-0.12146980286105295
2023-09-05,-0.05797014422095022,-0.036539981480050485,-0.023971405552064604
2023-09-06,-0.09503018161859152,-0.05342696231383541,-0.08864404807692243
2023-09-07,-0.08848622288437731,-0.06034053589819159,-0.07253348157876931
2023-09-08,-0.05574522483928142,-0.038202726588746835,-0.08271578186750843
2023-09-11,-0.05261426120616937,-0.04043912906559548,0.03009887972135035
2023-09-12,-0.07629747481209966,-0.06967601765007707,-0.09312348295012267
2023-09-13,-0.07109158405933098,-0.038487861701996404,-0.056545265257525165
2023-09-14,-0.05045444009193363,-0.043562480836398174,-0.053355108449420194
2023-09-15,-0.06339061841531075,-0.07645534343604658,-0.07680399184790214
2023-09-18,-0.042323515512409385,-0.054931268408193776,-0.1040275940260406
2023-09-19,-0.05305605523488406,-0.052664427066705086,-0.0662277005860497
2023-09-20,-0.07922904230024237,-0.07539520271285809,-0.08549830309854049
2023-09-21,-0.06812620373704954,-0.055283989396086294,-0.09706524055331815
2023-09-22,-0.05429237699774621,-0.0593049443496501,-0.11314180217806839
2023-09-25,-0.051856503948803104,-0.04974653750642015,-0.06221015203532958
2023-09-26,-0.08263523374019106,-0.06842403284318137,-0.08244656495451501
2023-09-27,-0.0681343338843667,-0.049336025657498214,-0.08565537259305193
2023-09-28,-0.057711308979477696,-0.04870083919507899,-0.046377534811601825
2023-09-29,-0.056190333939954165,-0.04469101567204707,-0.05524095408006695
2023-10-02,-0.04440124690718601,-0.03225767314512833,-0.06531145340531967
2023-10-03,-0.06700663876294329,-0.07755253752293283,-0.09097768157147494
2023-10-04,-0.05192818441764009,-0.03364515940710393,-0.011482909040346365
2023-10-05,-0.052038820169418035,-0.050164187829506976,-0.07507694830279692
2023-10-06,-0.04448638420330571,-0.02668142640061881,-0.06898077834496145
2023-10-09,-0.05078583048278158,-0.04359580705803916,-0.07412752677407579
2023-10-10,-0.0625889515343598,-0.05575412540039319,-0.05561507612291354
2023-10-11,-0.05133266286744849,-0.03914632510420772,-0.07321644163489331
2023-10-12,-0.054175860220655084,-0.055208801219026424,-0.08649259648336287
2023-10-13,-0.069529527575615,-0.061775941834859724,-0.10076442674919255
2023-10-16,-0.05996382653386008,-0.03643651478856062,-0.05967655940811083
2023-10-17,-0.06802152315852368,-0.053162090759160494,-0.06716401740023285
2023-10-18,-0.06663154102589926,-0.05729076846494545,-0.11858025164609425
2023-10-19,-0.061397887425581235,-0.04775282391835915,-0.16382972137075863
2023-10-20,-0.07394123758677491,-0.0654531617494191,-0.10771724286391264
2023-10-23,-0.05854261795681988,-0.043306182286407854,-0.07040208852158596
2023-10-24,-0.05669335896540602,-0.04774412505479124,-0.04989111219322022
2023-10-25,-0.07272861987245956,-0.02074044405226254,-0.08976254244635366
2023-10-26,-0.0838423007130464,-0.08893259308983341,-0.10217961701902016
2023-10-27,-0.05126755457507255,-0.04556279344056206,-0.06334212993455539
2023-10-30,-0.04693162767979449,-0.02867805057510435,-0.11877646179726035
2023-10-31,-0.056418074970527046,-0.049046640914193904,-0.05319388893524439
2023-11-01,-0.0404981571150483,-0.02787586436127469,-0.046827379311944514
2023-11-02,-0.03854355279631279,-0.04491669614640141,-0.008344899170968742
2023-11-03,-0.06441806580726102,-0.03855681419040406,-0.06419071162564531
2023-11-06,-0.044631498300367126,-0.04084563861560202,-0.07396356455498869
2023-11-07,-0.044786184666694887,-0.04019924203172835,-0.0575553633650379
2023-11-08,-0.05335199666559583,-0.04401247073868246,-0.07114164372282754
2023-11-09,-0.0618613276400269,-0.05832909976356075,-0.12543922074967845
2023-11-10,-0.03601676684022011,-0.026521705510907087,-0.04858641447738514
2023-11-13,-0.06782050782632794,-0.059506719728239885,-0.02861831266846697
2023-11-14,-0.044951063998453236,-0.041627922572241835,-0.009586636830932124
2023-11-15,-0.05619594625167108,-0.051012280269704655,-0.04795482565405611
2023-11-16,-0.050194789722383185,-0.03383524564560174,-0.10891754420307302
2023-11-17,-0.05934216881562222,-0.068219179483389,-0.06778707709585689
2023-11-20,-0.04995861278901732,-0.030896682200938483,-0.0652781644425278
2023-11-21,-0.063467771584039,-0.06299638089714636,-0.04705755886880385
2023-11-22,-0.05572235591912718,-0.038605769835407686,-0.09980667894490984
2023-11-24,-0.06624119523837509,-0.05252983982587593,-0.06553226749122314
2023-11-27,-0.060184381925000044,-0.04829190830441314,-0.06815087145988201
2023-11-28,-0.056022708176049,-0.04061577681691246,-0.025757154521385314
2023-11-29,-0.06464647722571155,-0.06147856991057503,-0.08128382537685123
2023-11-30,-0.05617401720583633,-0.05125992221106372,-0.08745641217726445
2023-12-01,-0.05244564807501047,-0.06303063676194003,-0.07603321732444406
2023-12-04,-0.06870140440330981,-0.06575718171584193,-0.08443462515351845
2023-12-05,-0.03817354092482168,-0.042261935910614265,-0.0574978167565499
2023-12-06,-0.06492398509200777,-0.06140443434105207,-0.06810378991713821
2023-12-07,-0.0490975018670073,-0.04558869719801954,-0.057165741679122736
2023-12-08,-0.051824537823959085,-0.042576106358184915,-0.0658810337108791
2023-12-11,-0.07216407819293065,-0.059247816551720775,-0.0876408867316552
2023-12-12,-0.05131669736541851,-0.04312325272212707,-0.0822140014094848
2023-12-13,-0.042545397759791895,-0.05144508731262214,-0.061206777227062845
2023-12-14,-0.058479184974201084,-0.07396276946635065,-0.021681188932885218
2023-12-15,-0.061962509581197714,-0.038301202304696955,-0.061067619689052985
2023-12-18,-0.067740073527866,-0.04623935668208139,-0.07642819024959573
2023-12-19,-0.05387689005140779,-0.04978154573649367,-0.05043626986367249
2023-12-20,-0.06995063444204692,-0.05849106506072603,-0.11001487002301762
2023-12-21,-0.060006827267170174,-0.04353982331873678,-0.04104592591395799
2023-12-22,-0.06478438091172563,-0.048634222016686476,-0.07852802118961803
2023-12-26,-0.06207769012800109,-0.051204723137182426,-0.05471039174354324
2023-12-27,-0.05871891689568905,-0.05299312726909748,-0.05200421449127805
2023-12-28,-0.05701048167688645,-0.04818362707504868,-0.10242090386762263
2023-12-29,-0.06466107081265977,-0.049393235766367824,-0.08939047565082096
2024-01-02,-0.09502344275059867,-0.06516706774766039,-0.07106807786841667
2024-01-03,-0.06672446903282976,-0.052146223336725514,-0.11096026940719365
2024-01-04,-0.07193686254800054,-0.05859604472342421,-0.07300738819045431
2024-01-05,-0.06325002724807278,-0.051934761779835734,-0.0726758491526333
2024-01-08,-0.03506197451434841,-0.03254681795346075,-0.05836297315046361
2024-01-09,-0.06150009335221547,-0.04848263601955742,-0.09365876888366702
2024-01-10,-0.053565502606227014,-0.03284421441855993,-0.07516780207667766
2024-01-11,-0.062459377548937337,-0.04655901316305493,-0.09955193866478433
2024-01-12,-0.05745869966261104,-0.04143482253067381,-0.10748713266219338
2024-01-16,-0.07155401652024858,-0.04678484477834681,-0.06616672520869886
2024-01-17,-0.06441023914884643,-0.05346806795304564,-0.09065291458295381
2024-01-18,-0.02666609142532657,-0.04012096934787483,-0.08785282284333489
2024-01-19,-0.04370399450527358,-0.03923177501843082,-0.06936353880332184
2024-01-22,-0.047073532007920374,-0.056836278489225386,-0.08680286420569398
2024-01-23,-0.052583491649753025,-0.04539090411991302,-0.06919828463563675
2024-01-24,-0.06272084379569516,-0.042243050369609444,-0.07709035468064777
2024-01-25,-0.060933526558316256,-0.045679986557486216,-0.19207955093146906
2024-01-26,-0.06824962285614407,-0.05374024627372147,-0.06743180435994249
2024-01-29,-0.06282273954252356,-0.03708422872776289,-0.028916700459566777
2024-01-30,-0.07848267428769846,-0.05417626410833669,-0.06736983599128647
2024-01-31,-0.0785943605378387,-0.0783648252693953,-0.09327039603374503
2024-02-01,-0.04589623720846621,-0.03582390087884084,-0.06244385817466806
2024-02-02,-0.06464194431426636,-0.03299254868770922,-0.07585678447484771
2024-02-05,-0.049390273638259055,-0.06496342227358069,-0.10728027274855394
2024-02-06,-0.05060516744807837,-0.05181287879927747,-0.04851352666936819
2024-02-07,-0.058655635400229736,-0.030308178678991868,-0.057428479932068385
2024-02-08,-0.06499155937283092,-0.05127339303404814,-0.06027114612162858
2024-02-09,-0.05514282147400758,-0.035866907220085495,-0.04967231582174918
2024-02-12,-0.06823882521646636,-0.06399713194490857,-0.09893015955189936
2024-02-13,-0.07051115166992179,-0.07294713645042498,-0.09267321768003571
2024-02-14,-0.06404670369169103,-0.04175286952018302,-0.04534024670983565
2024-02-15,-0.06081153216618258,-0.058573679434044165,-0.008614814059244177
2024-02-16,-0.06766725208798692,-0.05756750565484829,-0.07332100722923411
2024-02-20,-0.06335071897132301,-0.054561446174401326,-0.10178437168085912
2024-02-21,-0.05505084288169433,-0.05293283784863949,-0.06561393482839266
2024-02-22,-0.04799289876408104,-0.02787174069077762,-0.05727217415736456
2024-02-23,-0.06927094771213367,-0.054600633970438614,-0.09838349277394691
2024-02-26,-0.0666880869625573,-0.0582420334552574,-0.032122693801399246
2024-02-27,-0.051122517582237695,-0.051565555520403136,-0.06917164543525738
2024-02-28,-0.06586229917915538,-0.0508294233527216,-0.05926101796122123
2024-02-29,-0.06292980004770495,-0.036898531209129046,-0.07161848458340107
2024-03-01,-0.0652673196084473,-0.04692177620187947,-0.06706203422334682
2024-03-04,-0.08461810275307698,-0.05281422019613562,-0.14238208760365972
2024-03-05,-0.0876777273315323,-0.08099042771706726,-0.11015899928326205
2024-03-06,-0.06511517286067399,-0.05280918766722502,-0.09406448655125903
2024-03-07,-0.05994629595885988,-0.033884906039017657,-0.05887465009137198
2024-03-08,-0.0490001242748211,-0.05855540420062637,-0.08935445427754722
2024-03-11,-0.04740538566513204,-0.055603208489600695,-0.05696778538227058
2024-03-12,-0.05645829827869216,-0.024819028701036625,-0.0721204879371629
2024-03-13,-0.07135923975971122,-0.05185175806708557,-0.11622482764831048
2024-03-14,-0.048309712792383344,-0.027038675036349866,-0.11201139595886227
2024-03-15,-0.06143317983661152,-0.0721135335056388,-0.0642419591066901
2024-03-18,-0.05286444869324754,-0.04925718008543116,-0.008284617549190007
2024-03-19,-0.04565189458312931,-0.041617739406928186,-0.08509586975900645
2024-03-20,-0.04452764215716194,-0.042353548643246516,-0.04549393130549144
2024-03-21,-0.10009430490854106,-0.041682537653366755,-0.0869941948718758
2024-03-22,-0.05392667058881513,-0.0528855793807224,-0.08234152182488601
2024-03-25,-0.06753720365605616,-0.06513301269739007,-0.06028981085028899
2024-03-26,-0.06590940211210312,-0.05427986140485323,-0.04163127029864992
2024-03-27,-0.03802420994098983,-0.05194011970428762,-0.058669228420458006
2024-03-28,-0.06979596245237636,-0.05310313915417324,-0.09329232886546128
2024-04-01,-0.06769257198657826,-0.04226736088223419,-0.07406907981257686
2024-04-02,-0.06623563588061072,-0.058790526101812055,-0.11985068233049538
2024-04-03,-0.05443944433633015,-0.05376742671124683,-0.060324309362861636
2024-04-04,-0.0641291457714382,-0.05753090871010551,-0.05461331840905252
2024-04-05,-0.054735038054974997,-0.033135646226818236,-0.10711910212853108
2024-04-08,-0.06590035228291287,-0.05360394350632251,-0.021827213073891946
2024-04-09,-0.051994422682907285,-0.04743803876611223,-0.048280607009366025
2024-04-10,-0.07037606907555068,-0.05850287880137932,-0.09977285562536979
2024-04-11,-0.015965994380340368,-0.04038502914834567,-0.05429185193703594
2024-04-12,-0.050610091256300185,-0.0655094237116745,-0.09115882418919345
2024-04-15,-0.08110030386945151,-0.0709964248868226,-0.12677521443905487
2024-04-16,-0.0784042280331418,-0.0491459828451553,-0.09788876492389557
2024-04-17,-0.06738422408515195,-0.05802756730076046,-0.08139248841747519
2024-04-18,-0.06495113846005403,-0.06979921400781079,-0.10633645797338147
2024-04-19,-0.07144949814082376,-0.06415733646081138,-0.09003551547960569
2024-04-22,-0.05414600321344783,-0.046808206823310036,-0.10482865898017717
2024-04-23,-0.052845057457432024,-0.03493290177562906,-0.05231208547316006
2024-04-24,-0.04653455647907763,-0.04776268389986198,0.04978447450910668
2024-04-25,-0.054089525525605156,-0.07591344716745056,-0.021175182133395018
2024-04-26,-0.06270975591279555,-0.03317472883237964,-0.0819325043383085
2024-04-29,-0.03442879152487495,-0.061434981154802656,0.08224255147057442
2024-04-30,-0.07750773754229752,-0.08353778704334207,-0.12632780020286832
2024-05-01,-0.06528393953561858,-0.03700895431503208,-0.08877725961168152
2024-05-02,-0.03720483694408257,-0.04407551926105917,-0.07071556332106392
2024-05-03,0.0005792224645534833,-0.029248765978300992,-0.06427138390662805
2024-05-06,-0.06834352228458147,-0.03449996701966111,-0.05112358949925282
2024-05-07,-0.05543952946041515,-0.061574622062424186,-0.10844297134343288
2024-05-08,-0.057372846396520474,-0.04848684013981268,-0.08820469942573221
2024-05-09,-0.049222606732991794,-0.047082626180446494,-0.08656608831792394
2024-05-10,-0.06612700828843339,-0.04554911269568422,-0.09117900646320447
2024-05-13,-0.04159138301533967,-0.053877723966421584,-0.050526280368521845
2024-05-14,-0.05306338656247685,-0.044553813923785365,-0.037898562770081676
2024-05-15,-0.04701901522981895,-0.033934416005580156,-0.09087729541475258
2024-05-16,-0.05860422607971734,-0.05635841011274316,-0.06594133409936602
2024-05-17,-0.05907872688641887,-0.053271183653680484,-0.0558414306429567
2024-05-20,-0.053074908163093085,-0.03921010883033586,-0.08497070651633125
2024-05-21,-0.052379519751527395,-0.04271953453930592,-0.004236111655495686
2024-05-22,-0.06677519392796678,-0.04796878938790865,-0.1056069265349208
2024-05-23,-0.0802949572194815,-0.05959455339009127,-0.10619386788722877
2024-05-24,-0.04264873121300712,-0.04401783814068687,-0.039170122348584566
2024-05-28,-0.05918414840787729,-0.05104642125425922,-0.08471863818009644
2024-05-29,-0.05765791418996165,-0.05409084337836871,-0.0739949225823389
2024-05-30,-0.05398161830080668,-0.08520446013574594,-0.056069875090412544
2024-05-31,-0.054218258992530924,-0.050309104859554796,-0.07479771124494398
2024-06-03,-0.049978149044358336,-0.055296674194639725,-0.08087832961798429
2024-06-04,-0.05758752474333291,-0.04525177971105414,-0.07944871424581627
2024-06-05,-0.05141598069266136,-0.0323350740732629,-0.06951062870734419
2024-06-06,-0.06633338504437698,-0.0502156130889833,-0.054026605612528075
2024-06-07,-0.04684478607265048,-0.052996592400649065,-0.07341179831780846
2024-06-10,-0.07838469548544531,-0.041933968899172266,-0.09161770887058433
2024-06-11,0.013412294114298381,-0.04017663314100943,-0.08883680280147492
2024-06-12,-0.030658301856849438,-0.0320506812032562,-0.03197750740032616
2024-06-13,-0.05374570273455388,-0.050239378774952034,-0.04160890773120167
2024-06-14,-0.06740538301339323,-0.04917639204769313,-0.09526903028315707
2024-06-17,-0.03956527686550822,-0.0383131298018156,-0.017852021363496992
2024-06-18,-0.07022138467287693,-0.05594589274156396,-0.08459103376236525
2024-06-20,-0.08074970230307284,-0.05285219529590372,-0.08862383516046883
2024-06-21,-0.0696812006655881,-0.042264252733458726,-0.06289586489838465
2024-06-24,-0.05610431619433005,-0.05610959867039182,-0.07317617799568026
2024-06-25,-0.05476860392548673,-0.04409156993511436,-0.04470106241245379
2024-06-26,-0.03924356080177434,-0.04873519350908144,-0.022681496959644984
2024-06-27,-0.055250786698575485,-0.04989229258555876,-0.06547955495137962
2024-06-28,-0.07549109401421013,-0.0644469582553923,-0.06849652778886055
2024-07-01,-0.03013226484268701,-0.029536783386408902,-0.010284900178312559
2024-07-02,-0.042996925650524556,-0.04583525215597421,0.031146094790172676
2024-07-03,-0.053425763101002735,-0.04817415708976429,-0.00540239902291044
2024-07-05,-0.03761652162488101,-0.036682163170722856,-0.05000594950570596
2024-07-08,-0.05269792313761597,-0.05424156626398584,-0.0651809526390235
2024-07-09,-0.055462039281507794,-0.06578858215889043,-0.03370325417943203
2024-07-10,-0.04043320575774441,-0.03681684229458164,-0.0672813779175399
2024-07-11,-0.0824576953687149,-0.07619044415732316,-0.15526789496304977
2024-07-12,-0.046185903692398014,-0.05394761920962603,-0.04095483188260633
2024-07-15,-0.04249357039233555,-0.050514373791381614,-0.05306082277007178
2024-07-16,-0.05744496648663373,-0.06119897817029123,-0.05531047731193443
2024-07-17,-0.08453282731490448,-0.06476594196024048,-0.10224226360493964
2024-07-18,-0.07977172602166667,-0.058520660319604054,-0.06788901100189552
2024-07-19,-0.058656883150229946,-0.058821249696449904,-0.11107056672563069
2024-07-22,-0.06079712532468236,-0.038080625222221484,-0.019363418411050534
2024-07-23,-0.05454860573785865,-0.047106397329169034,-0.0912233820621932
2024-07-24,-0.0879911781358111,-0.08727309327549197,-0.19417266545745776
2024-07-25,-0.0640413502620631,-0.07589966736219826,-0.051103510167181995
2024-07-26,-0.05707578989050728,-0.03499870730705128,-0.072869738511172
2024-07-29,-0.05795217812491289,-0.0479852109839765,-0.014866642852859033
2024-07-30,-0.0566708817194715,-0.06034672610821516,-0.11167112941707451
2024-07-31,-0.0442460151759186,-0.062224248133234614,-0.028377547537986866
2024-08-01,-0.07598755637343065,-0.054382463459944616,-0.13636721608099528
2024-08-02,-0.052367479534462705,-0.07208431364307936,-0.11320420148512637
2024-08-05,-0.10740381592055033,-0.08407529473245527,-0.11315335603780512
2024-08-06,-0.06898500544268589,-0.04013146973373431,-0.06197708987906174
2024-08-07,-0.04673866015577184,-0.054371329343560856,-0.11508501723998414
2024-08-08,-0.04260360715752405,-0.04072637747556511,-0.03390545751779776
2024-08-09,-0.045500865389048364,-0.04314900374866486,-0.06499276478835773
2024-08-12,-0.05210694660310751,-0.04947264124418087,-0.08337659209760044
2024-08-13,-0.04204367457242049,-0.03371965830640282,-0.018469558191783572
2024-08-14,-0.05720325828213675,-0.04453450279470021,-0.10186158511899739
2024-08-15,-0.04570621436839757,-0.03959452672863355,-0.007463851674616426
2024-08-16,-0.05331833522592529,-0.057498785711881314,-0.06158035201330163
2024-08-19,-0.05994464719506594,-0.04410598862971353,-0.04028800095972866
2024-08-20,-0.056492209860447964,-0.04366097597310663,-0.07810030449655896
2024-08-21,-0.059722423167034314,-0.052971903608622736,-0.061012064570015
2024-08-22,-0.06749662332173041,-0.07167119822478134,-0.12730532413209789
2024-08-23,-0.048948606464399205,-0.048434367950775756,-0.024970721461360187
2024-08-26,-0.05773806775802022,-0.059336101726482,-0.10309786309097128
2024-08-27,-0.0554952790002204,-0.0505719271454879,-0.08958746508681174
2024-08-28,-0.06599027722055502,-0.05924738388522337,-0.08736505751012662
2024-08-29,-0.044666678995233314,-0.04528107511569361,-0.06825068381957226
2024-08-30,-0.06267482360356609,-0.04168752667592006,-0.032868495279000196
2024-09-03,-0.08644200784516194,-0.06987739571727962,-0.08722003648383674
2024-09-04,-0.06785557073911082,-0.052737270831329106,-0.02899377386889883
2024-09-05,-0.05230905239360546,-0.05266566896990647,-0.021786036512311077
2024-09-06,-0.06625192583540403,-0.06779977086236504,-0.1552859435242147
2024-09-09,-0.058829170982997184,-0.041410886382981224,-0.04453701363525124
2024-09-10,-0.06285835329106133,-0.030517220073967885,-0.025050535497633405
2024-09-11,-0.047651684106468986,-0.030076050364954907,-0.06216054214495141
2024-09-12,-0.058742794440304794,-0.04205756552052735,-0.06346242967246711
2024-09-13,-0.06044894030848243,-0.04301091708865794,-0.06873795617784854
2024-09-16,-0.08701206887702724,-0.049676578289934256,-0.08606824798482952
2024-09-17,-0.057064136039638294,-0.042585400538642834,-0.06602021536658768
2024-09-18,-0.041247160247170525,-0.06139191716798524,-0.073766884553556
2024-09-19,-0.0221711793325466,-0.03312725607159188,0.0027649360936509854
2024-09-20,-0.06216424623174395,-0.0592142904493637,-0.09407193856763855
2024-09-23,-0.06681796792302193,-0.05546184122443547,-0.021508676226589737
2024-09-24,-0.05526279104389038,-0.061429718069928516,-0.05374660247357714
2024-09-25,-0.06363499665584867,-0.04456796177799975,-0.06001140465405923
2024-09-26,-0.05415655468353349,-0.053269768869933884,-0.08172066637944424
2024-09-27,-0.05805024948325428,-0.059046351271401495,-0.046280988989854374
2024-09-30,-0.036364866225875606,-0.04609153876631504,-0.06633451533966665
2024-10-01,-0.08837842533900227,-0.0737515783533526,-0.08462479179812925
2024-10-02,-0.056717104198347704,-0.059880580182288964,-0.10570757888604947
2024-10-03,-0.06413144290939583,-0.05283283296141976,-0.1043982221130884
2024-10-04,-0.05422948054630734,-0.052570793219818765,-0.031684269253432526
2024-10-07,-0.08176764350484152,-0.06708912386099102,-0.10781478308018615
2024-10-08,-0.04083285324558357,-0.03879442792203007,-0.05558766203719094
2024-10-09,-0.04253838250512783,-0.04478735238435809,-0.08493703652964661
2024-10-10,-0.06141522947286422,-0.05529889887112109,-0.08028523292343541
2024-10-11,-0.06574214892920156,-0.05026416783581848,-0.15865172676061384
2024-10-14,-0.04275695746486592,-0.04464466446479158,-0.06458235605884992
2024-10-15,-0.0482122261877463,-0.052372790998636384,-0.06895582354563316
2024-10-16,-0.06808864768944141,-0.057675278895064894,-0.06281097786315386
2024-10-17,-0.057640525225485975,-0.04997643872868411,-0.07281461232430335
2024-10-18,-0.04696025327471694,-0.047962767412778315,-0.0716867872574372
2024-10-21,-0.052939003777057694,-0.0499356848735784,-0.07920899777052363
2024-10-22,-0.06185862791076287,-0.03057209227951456,-0.07484766072526687
2024-10-23,-0.0808598479929284,-0.05822524030516667,-0.09064589423436313
2024-10-24,-0.06006019269449621,-0.05111220963211309,0.14836373113948315
2024-10-25,-0.055593723243214724,-0.04336622725943333,-0.03738838596500753
2024-10-28,-0.05063737338548198,-0.05506191814238763,-0.09564177842963943
2024-10-29,-0.058080011775779886,-0.03885364035604759,-0.08221674047584886
2024-10-30,-0.07451479778807686,-0.05007561659932262,-0.07841756170313922
2024-10-31,-0.07744631630267569,-0.11194593048542105,-0.10072365724312275
2024-11-01,-0.07251644407234199,-0.041525482199934946,-0.07430875026073262
2024-11-04,-0.06327442776329091,-0.056072740600463675,-0.0954872328456519
2024-11-05,-0.05275059650897258,-0.044073782231664846,-0.035412329359144
2024-11-06,-0.06250381183934924,-0.030225549190245934,0.07668370487882377
2024-11-07,-0.03786469059572746,-0.03892371515083952,-0.041782828906413536
2024-11-08,-0.060425055322176194,-0.058211476801874926,0.011050034165832126
2024-11-11,-0.07126541038238661,-0.062139245482476665,0.01876929186776906
2024-11-12,-0.059236841258667974,-0.03940909516535433,-0.13228379032234944
2024-11-13,-0.055267680478972306,-0.04628869683327545,-0.06549921217803494
2024-11-14,-0.04546638759324535,-0.04744374941688094,-0.12854221465251553
2024-11-15,-0.07334609425689838,-0.07927098328680153,-0.04016909411363527
2024-11-18,-0.045814580453772694,-0.04958703238073174,-0.014640572715437103
2024-11-19,-0.058096614267768645,-0.04653581910996034,-0.04939422310913226
2024-11-20,-0.056082844583657934,-0.056923551464284225,-0.08230061153077099
2024-11-21,-0.06133287249855719,-0.055735160794191094,-0.07781426432963794
2024-11-22,-0.05332930840462609,-0.04141526694284274,-0.03278639358024353
2024-11-25,-0.046185977323880925,-0.047125742600162154,-0.11045108438484845
2024-11-26,-0.049832482193935615,-0.029450326530128065,-0.07188980913031899
2024-11-27,-0.05978981494003606,-0.06310092804073746,-0.08661468142794441
2024-11-29,-0.04902102574285257,-0.05030716503976555,-0.033967631688311115
2024-12-02,-0.049714296155895024,-0.03365995531645609,-0.03626296053802584
2024-12-03,-0.04646499470928418,-0.05090786594691914,-0.08670492186341343
2024-12-04,-0.057753234495650244,-0.036993541697603535,-0.05230183725364616
2024-12-05,-0.059113411494861115,-0.03953048913042738,-0.03852980790990572
2024-12-06,-0.06005977262250413,-0.04927209210648824,-0.017428661546173882
2024-12-09,-0.043135647938720226,-0.04589501817315815,-0.06936213335399936
2024-12-10,-0.05510309370340656,-0.05744954264122275,-0.042093246608935916
2024-12-11,-0.06440297137254887,-0.03865126271359624,-0.011523396644071579
2024-12-12,-0.05327305352029062,-0.05014894429810361,-0.08652919526949691
2024-12-13,-0.05855126589629951,-0.056512224178833545,-0.027463776659458358
2024-12-16,-0.047509168605288934,-0.041759822293373536,-0.009414113883743178
2024-12-17,-0.04951727579160055,-0.04506298457285389,-0.0344567073836826
2024-12-18,-0.08065858364864327,-0.08897940498088923,-0.1536215632585956
2024-12-19,-0.05222214040459956,-0.05224148971975366,-0.07982394174356282
2024-12-20,-0.040420972414665204,-0.05240220141757905,-0.1054691108030074
2024-12-23,-0.05617189198133972,-0.05451049531511225,-0.048169495637526524
2024-12-24,-0.04775876246037088,-0.042044482358632604,0.0027451227188248356
2024-12-26,-0.05606113905337724,-0.05419534284697096,-0.08845661419439203
2024-12-27,-0.07247903089006898,-0.0687199567029068,-0.12030584573016904
2024-12-30,-0.07250024695908626,-0.06465792508547101,-0.1038387121342083
2024-12-31,-0.06629471010650374,-0.05925676844683285,-0.103336638981172
