Date,PC1,PC2
2020-01-03,0.018230133712637125,-0.025964251960327457
2020-01-06,0.017356529342085023,-0.0006101880030552967
2020-01-07,0.028965992359270124,-0.023937092375180442
2020-01-08,0.05074341519080632,0.002159814130024855
2020-01-09,-0.014598312773541788,0.03009329782481006
2020-01-10,-0.01003688179525232,0.000672494105091806
2020-01-13,0.09613969898982991,-0.015158334670827008
2020-01-14,0.014144792934716682,-0.023140057289733583
2020-01-15,-0.036354476448795414,0.014693913847361427
2020-01-16,-0.004174222347907625,0.02353353154930615
2020-01-17,-0.0042458603960968955,0.012834737160758718
2020-01-21,0.060439753586581275,-0.03415397415385794
2020-01-22,0.034275043012990815,-0.016456001648055052
2020-01-23,0.0038389957780234074,0.005144528312280426
2020-01-24,-0.01865939028014034,-0.0039055578423159154
2020-01-27,-0.026943503586970244,-0.026022825446914193
2020-01-28,0.024235861672318823,0.02511500272447496
2020-01-29,0.029452971408733868,0.014296262618911301
2020-01-30,0.09876102033388356,-0.021613193240855887
2020-01-31,-0.005348995049128974,-0.044837686385573415
2020-02-03,0.186346320275296,-0.061089556153943604
2020-02-04,0.14133174273462035,-0.008762529419382895
2020-02-05,-0.16049945194522025,0.06892357180834677
2020-02-06,0.023135460796154805,0.013617028105556199
2020-02-07,-0.007889088873470798,-0.007872664915447594
2020-02-10,0.03333290058379411,0.008205741103918411
2020-02-11,-0.007032264300072352,-0.020494522505770087
2020-02-12,-0.0048448045202719725,0.019740683955147685
2020-02-13,0.03760659552851163,-0.026518478897373625
2020-02-14,-0.005601251822308931,0.007545657417851903
2020-02-18,0.06169195030034507,-0.033197273643473836
2020-02-19,0.06513319108145542,-0.014682313168532773
2020-02-20,-0.02826938145406907,-0.009613817664128763
2020-02-21,-0.01603592232358153,-0.03646808290439483
2020-02-24,-0.09662073247123412,-0.031595265637957205
2020-02-25,-0.05462159907410394,-0.018057544450871856
2020-02-26,-0.020215357220471533,0.028227496177692196
2020-02-27,-0.15813416675468228,-0.041027648288628184
2020-02-28,-0.012408897573821007,0.021207063302670734
2020-03-02,0.14433589226611848,0.061759792689922474
2020-03-03,-0.021992747349668412,-0.05339585510961969
2020-03-04,0.02383321729690842,0.052161864302157385
2020-03-05,-0.049605678982581725,-0.025473016222581184
2020-03-06,-0.04114350404401529,-0.01652319590337647
2020-03-09,-0.16830202235426872,-0.04545895308139455
2020-03-10,0.0909195963327276,0.06858923100063398
2020-03-11,-0.040446426711398836,-0.04621533452921856
2020-03-12,-0.16252617465179475,-0.08340603126290094
2020-03-13,0.043033760696444635,0.18060895464843174
2020-03-16,-0.24864816475461055,-0.11114391362296425
2020-03-17,-0.0011950907211823736,0.09489953281344565
2020-03-18,-0.16937654202409608,0.01649859254361275
2020-03-19,0.16900672518817225,-0.06382004929027471
2020-03-20,-0.030808755668099902,-0.06647577315902636
2020-03-23,0.0028407912214974546,-0.026733402381650305
2020-03-24,0.19846239366247279,0.06372606674936437
2020-03-25,0.055509750506826216,-0.03568706366614951
2020-03-26,0.008106597623789819,0.082865124960822
2020-03-27,-0.049503304589743974,-0.044482951310014514
2020-03-30,0.00038775845293015365,0.07329466589231677
2020-03-31,0.0324384797569678,-0.028281998133852952
2020-04-01,-0.102047608257124,-0.02759753926061171
2020-04-02,-0.04557043473700903,0.04536368742745619
2020-04-03,0.04236181486948392,-0.03691066547309497
2020-04-06,0.10972052615620326,0.07720831749873486
2020-04-07,0.0431011565200094,-0.03623600396631823
2020-04-08,0.012078140160549797,0.020755903397064724
2020-04-09,0.03944912878719493,-0.012071589740952716
2020-04-13,0.12870264458732328,-0.03711320202203191
2020-04-14,0.10713280372063626,0.03113236097892124
2020-04-15,0.017465128585466838,-0.023704911881578646
2020-04-16,0.025982590661049992,0.01657467908206262
2020-04-17,0.00588103071977758,-0.007867050127678826
2020-04-20,-0.02341614380876411,-0.023119896872094488
2020-04-21,-0.0964710568874616,-0.017527937479978876
2020-04-22,0.07450502468037692,0.01593212598656866
2020-04-23,-0.04100719872548381,0.0028787885353177486
2020-04-24,0.03494350047374609,0.020203065591272124
2020-04-27,0.09013588974903762,-0.03989641422978244
2020-04-28,-0.048408625464303745,-0.012883641847822196
2020-04-29,0.05497282688797441,0.035220213091993205
2020-04-30,-0.016491899692321954,0.028893104331973233
2020-05-01,-0.10984690678569684,0.011009019913007949
2020-05-04,0.08586274128650818,-0.007165201995646596
2020-05-05,0.012090800368507529,0.013114568740517918
2020-05-06,0.019342178318899603,0.005876788596729361
2020-05-07,-0.002007758298499418,0.011523674284301844
2020-05-08,0.051536581256570395,0.00020940287906225097
2020-05-11,-0.00533484832414409,0.021070599698663345
2020-05-12,-0.014425943527713952,-0.021711461930940902
2020-05-13,-0.03166820201865431,-0.009521396858350475
2020-05-14,0.013942794074601444,0.0006928445185302237
2020-05-15,-0.006112999443260811,0.007259047053758072
2020-05-18,0.022394387129296575,0.01463590241783708
2020-05-19,-0.013119279308500598,-0.00601088326138445
2020-05-20,0.014234935229205034,0.01803449504861396
2020-05-21,0.005198461998469489,-0.018588376289897922
2020-05-22,-0.013449567424793737,0.009104359214704538
2020-05-26,-0.005665629964062419,-0.012561334244914485
2020-05-27,-0.0002681293474358082,0.0028111565237992076
2020-05-28,-0.020090281252599845,0.005142447545380999
2020-05-29,0.032510751004490024,-0.007921412646508308
2020-06-01,0.06949543664006005,-0.022133649353244016
2020-06-02,-0.016244759667668834,0.017101230901838793
2020-06-03,0.0002660348519984007,0.00431892661046307
2020-06-04,-0.02858439932323506,-0.006624852717155065
2020-06-05,0.03331622717010039,0.024442846591941743
2020-06-08,0.06707353992748333,-0.019670207265796692
2020-06-09,-0.0016352544568392219,0.029143792917850506
2020-06-10,0.09630552235380463,0.007060530459889268
2020-06-11,-0.07752479678425067,-0.04773492326949338
2020-06-12,-0.0347154538074507,0.025065410804762735
2020-06-15,0.056799449086321764,-0.010367958486722964
2020-06-16,0.0020405561806222244,0.03645850085710868
2020-06-17,0.006243267743752293,-0.002655916870472494
2020-06-18,0.010833279511540186,0.0023302151359074694
2020-06-19,-0.009282517262055298,-0.006794033286306386
2020-06-22,0.004882630804575405,0.03750960174770835
2020-06-23,0.011237473118505592,0.015289692489354273
2020-06-24,-0.05123114805303988,-0.009677326992198393
2020-06-25,0.02777302166600848,0.006839268872433565
2020-06-26,-0.04164605518216416,-0.023553470833150757
2020-06-29,0.053675610649831264,0.002429345839692572
2020-06-30,0.07010677736025929,-0.004417714133184952
2020-07-01,0.031757518437478496,-0.011607097569070107
2020-07-02,0.07223391415810347,-0.02525459566603875
2020-07-06,0.13441976018250054,-0.01938398630208938
2020-07-07,0.00517995278317375,-0.014932479017247244
2020-07-08,-0.007275358737180035,0.03586898876367937
2020-07-09,0.018876575505103216,-0.0007250255561663671
2020-07-10,0.09626752779105759,-0.041710765998215445
2020-07-13,-0.04100499941101057,-0.011870071204030927
2020-07-14,0.015038273123260129,0.009667540111428966
2020-07-15,0.01602377874750914,-0.00398420007655384
2020-07-16,-0.03898761458769609,-0.010259016964152996
2020-07-17,-0.005087779641131968,-0.00499875927246906
2020-07-20,0.10114781209487574,0.005947106608599033
2020-07-21,-0.052698725421220394,-0.0010616432020891034
2020-07-22,0.015223890149003716,0.005171013891086734
2020-07-23,-0.07317287663703692,-0.0398776458702667
2020-07-24,-0.06441422602463773,0.017981830324243026
2020-07-27,0.08660842348145935,-0.008997714780705317
2020-07-28,-0.0481825562341153,-0.0015330171894264513
2020-07-29,0.018737526571543636,0.013141822957786028
2020-07-30,-0.007361069037053497,0.010078552946005494
2020-07-31,-0.008113929644282605,0.08653087592275926
2020-08-03,0.053029574524740206,0.03868773573182757
2020-08-04,-0.004047272339373062,-0.006187945048902688
2020-08-05,-0.003994554492676064,0.0015239512903796326
2020-08-06,0.013272350079783501,0.03195857664207908
2020-08-07,-0.03715501637967167,-0.01760661905893652
2020-08-10,-0.026114391670352358,0.005143410486513601
2020-08-11,-0.04642147409840758,-0.023395299650765776
2020-08-12,0.13471538084051568,-0.009186404927792623
2020-08-13,0.040452082645916765,-0.006204997183118337
2020-08-14,0.013615936882797108,-0.007154409706099131
2020-08-17,0.10136735674413559,-0.03987216693693237
2020-08-18,0.026388332314114207,-0.001606263406777865
2020-08-19,-0.008744783709281112,-0.0017154111183884102
2020-08-20,0.06952610681108845,0.004779964175389895
2020-08-21,0.03145419223707531,0.019841089005493466
2020-08-24,-0.015392995425260264,0.016199545046699706
2020-08-25,0.0018537729414255938,0.001077323780656926
2020-08-26,0.06535044106420643,-0.0013988045135913812
2020-08-27,0.03634622106146522,-0.0071184272286061515
2020-08-28,-0.011693415072184368,0.00960450777190603
2020-08-31,0.11879262268688304,-0.03489884030546959
2020-09-01,-0.03355262369797388,0.04853468118763123
2020-09-02,-0.05822948952801896,0.020559004896091717
2020-09-03,-0.12496048901609319,-0.059419280935906614
2020-09-04,0.01903858589609185,-0.019475719789549782
2020-09-08,-0.23093501320943527,-0.0005854173771506627
2020-09-09,0.1197374626511828,0.012611125336178579
2020-09-10,-0.006757856805801182,-0.04524992227422626
2020-09-11,-0.0052272154586531505,-0.014589446594371912
2020-09-14,0.12328569736506442,-0.023494217716909342
2020-09-15,0.06776964337026009,-0.015606130971116627
2020-09-16,-0.03258771949437181,-0.02467557086110462
2020-09-17,-0.048887655648244516,-0.0019896780221207444
2020-09-18,0.025607382036609644,-0.045912505230704594
2020-09-21,0.02298543414148141,0.0205019204421689
2020-09-22,-0.0447359626431966,0.046830351583000626
2020-09-23,-0.11918583514643383,-0.010452535958826975
2020-09-24,0.020884738893530333,0.007563537977972518
2020-09-25,0.059575932278095,0.020283798032933686
2020-09-28,0.0367929047505265,0.007695006282537158
2020-09-29,-0.012786886544235251,-0.010157773575327309
2020-09-30,0.026570500653190457,0.010359320207291231
2020-10-01,0.04291777479132277,-0.004921921008448425
2020-10-02,-0.08818673023654497,-0.013010123794094997
2020-10-05,0.034009027092941964,0.023621311593003444
2020-10-06,-0.04219235311596803,-0.022673837171919058
2020-10-07,0.031526082480393326,0.012994444399592547
2020-10-08,-0.0013675011304662005,0.0008577969276198846
2020-10-09,0.02535715774864082,0.020207950172726946
2020-10-12,0.03863167735611709,0.05121177770111656
2020-10-13,2.6693572796374077e-05,-0.017161485981774742
2020-10-14,0.02496213832914436,-0.017999664457270033
2020-10-15,-0.03077762491508143,0.003690070489800107
2020-10-16,-0.026267036096184165,-0.0017890836490542308
2020-10-19,-0.03537524886898888,-0.025685524102688005
2020-10-20,-0.018284242483917162,0.017465704465211358
2020-10-21,-0.0031613324644465535,-0.004048447431999287
2020-10-22,0.0009814146178187266,-0.009135299849606641
2020-10-23,-0.014713855112859539,0.004293451400257539
2020-10-26,-0.011305206017324584,-0.018463426588932498
2020-10-27,0.013919469094679199,0.014471180338461329
2020-10-28,-0.0695249619109565,-0.04655612967688746
2020-10-29,0.02049826651000558,0.026200654875684574
2020-10-30,-0.07314765794383546,-0.023459305641382107
2020-11-02,0.02600676205717664,-0.013384269273871804
2020-11-03,0.060155385627536806,0.0010423384229441696
2020-11-04,0.013867955315309988,0.06063488461192103
2020-11-05,0.052265521557218746,0.028561805500047045
2020-11-06,-0.02039763748896202,0.007206713105532822
2020-11-09,-0.033680574219334236,-0.021362905052720253
2020-11-10,-0.0367215904030469,-0.014564097596636023
2020-11-11,0.027038574950318653,0.030593675778007992
2020-11-12,-0.017233401186952144,-0.0003327013851673749
2020-11-13,-0.009315777231861819,0.006199449490945384
2020-11-16,-0.0010124668293930439,0.007992368241097857
2020-11-17,0.06739414031828586,-0.04450091664812649
2020-11-18,0.08458594860139797,-0.05476536938021737
2020-11-19,0.023734279935336666,-0.0025215019132762972
2020-11-20,-0.026755144678438814,-0.006455265898996226
2020-11-23,0.049010925758866196,-0.04552630608670951
2020-11-24,0.06391592044725536,-0.005209702109021573
2020-11-25,0.029794851423196413,-0.007966101864423515
2020-11-27,0.018578461902815785,-0.0006825613409424044
2020-11-30,-0.02755642934675323,0.021752309140140105
2020-12-01,0.03577729431158515,0.015139186157173766
2020-12-02,-0.028773472989155988,0.009364285339490276
2020-12-03,0.03499467738651104,-0.020713653604634626
2020-12-04,0.004056287253322993,-0.007214032229352914
2020-12-07,0.0660439470190923,-0.0192697053313182
2020-12-08,0.011816484349064071,0.0035275075915857726
2020-12-09,-0.07883448762097983,-0.0004674298433418947
2020-12-10,0.03307477786153592,-0.010406030432861951
2020-12-11,-0.02717019772903309,0.014007777492393965
2020-12-14,0.04164034502836391,-0.019220866442759728
2020-12-15,0.0010023008340222378,0.03634097008351296
2020-12-16,-0.01274941220600273,0.021251824089350495
2020-12-17,0.048026623594009304,-0.015315659848603919
2020-12-18,0.046487658383074115,-0.035631882844472045
2020-12-21,-0.0554319279481057,0.04424018203770144
2020-12-22,-0.0074533314892266805,0.02791296070496524
2020-12-23,-0.00044456967668919656,-0.016701388379971344
2020-12-24,0.023419298715623163,0.0006855141798262979
2020-12-28,0.011817096267819571,0.02862797867898643
2020-12-29,-0.004770828129386312,-0.012711287022772307
2020-12-30,0.03152028980450747,-0.029360909123870023
2020-12-31,0.00986050150619995,-0.009088346352611264
2021-01-04,0.01600187737500211,-0.04328426023362255
2021-01-05,0.007113913604165897,0.005720324130779157
2021-01-06,0.006990167584391513,-0.0500425283895708
2021-01-07,0.0869600219662637,0.010819180993948366
2021-01-08,0.07322155279223812,-0.02014887326127498
2021-01-11,-0.08474868933855953,0.0075157915461692495
2021-01-12,0.036953678662219665,-0.026632698405884593
2021-01-13,0.008249728049914778,0.012463092769793474
2021-01-14,-0.021663131615862585,-0.016111352017753808
2021-01-15,-0.02827873620391333,-0.0020741813590947483
2021-01-19,0.023290292751198025,0.006518869656663054
2021-01-20,0.021519808244479507,0.04249992476453369
2021-01-21,0.0016298399938470265,0.028087186733826108
2021-01-22,0.004037717946192065,0.012392777062642017
2021-01-25,0.04575155560994174,0.01307398412689599
2021-01-26,0.002609475036128267,0.007785123665687371
2021-01-27,-0.02473512454309254,0.004314360867180726
2021-01-28,-0.0373534572792425,0.006063397563987993
2021-01-29,-0.0676381579565106,-0.02506924522205011
2021-02-01,0.06367144644708969,0.010241884363206458
2021-02-02,0.03464083822571135,-0.011283728246742994
2021-02-03,-0.021046177635733618,0.011888788359183569
2021-02-04,-0.002299507363755518,0.016077661929224985
2021-02-05,-0.0015802637560929922,-0.0028137072467021296
2021-02-08,0.009394975658425786,-0.003787010490289351
2021-02-09,-0.018809357192912574,0.004958277517042642
2021-02-10,-0.05429469543138005,0.01394349715859037
2021-02-11,0.00572247730439622,-0.00027385238774224607
2021-02-12,0.002746885642675126,0.00014018647044559962
2021-02-16,-0.0317681173605419,-0.005150991139058932
2021-02-17,-0.004927293560265139,-0.00998061108884974
2021-02-18,-0.018689685638951237,-0.001995549449858039
2021-02-19,-0.013094858435779469,-0.004116218658876583
2021-02-22,-0.09765563452287304,-0.005207767089884484
2021-02-23,-0.025308322826594065,0.0037769223567174076
2021-02-24,0.05414025857115606,-0.02264025380209781
2021-02-25,-0.09371346005182576,-0.00831324839131968
2021-02-26,-0.008109929514766745,0.014532691871277762
2021-03-01,0.07550130994391936,0.024030805442843587
2021-03-02,-0.05371173679803709,-0.005736383592031269
2021-03-03,-0.06186564165560254,-0.015757112452843697
2021-03-04,-0.053730245696391676,0.0052186175045289
2021-03-05,-0.029938021935866657,0.03500371460364676
2021-03-08,-0.07372500272249169,-0.017580266117258082
2021-03-09,0.19704041011650286,-0.029138594626380028
2021-03-10,-0.014977155149413043,-0.007036541070125461
2021-03-11,0.0501109940163163,0.006011005946186906
2021-03-12,-0.014728896991378762,-0.005949568777761156
2021-03-15,0.021428583663355358,0.005498705847641332
2021-03-16,-0.03731783071961986,0.03265884650577545
2021-03-17,0.028249054349180514,-0.020240208958767637
2021-03-18,-0.08377753362294432,-0.013904795492623447
2021-03-19,-0.0025866689664363757,-0.005274296261279135
2021-03-22,0.03214739675250545,0.02562547836219329
2021-03-23,-0.014410842028859255,0.003966783566690148
2021-03-24,-0.05580466341352894,-0.0011470623771923927
2021-03-25,0.009323128861072075,-0.012233807258481187
2021-03-26,-0.028771341563250424,0.02744803394038118
2021-03-29,-0.015379544840016801,0.0017791877640965376
2021-03-30,0.026441168872397044,-0.03274865799352119
2021-03-31,0.053246073834299114,0.003949638172630901
2021-04-01,-0.0029196979768165154,0.025961964320874213
2021-04-05,0.05125526378549175,0.01663853231289994
2021-04-06,-0.003135940842926413,-0.0021500618389942577
2021-04-07,-0.025196595658508125,0.0251240928238816
2021-04-08,0.023114849242843544,0.013910124321740977
2021-04-09,-0.004294299535727769,0.02346265567705974
2021-04-12,0.027164756132764395,-0.022729268302890716
2021-04-13,0.08560037427632484,-0.010071775577675128
2021-04-14,-0.047740242823200635,-0.0045047879171652705
2021-04-15,0.014109355312324698,0.018591862400127893
2021-04-16,-0.0016853249020310906,0.0006827963414724886
2021-04-19,-0.03537799925118246,0.010838250640769917
2021-04-20,-0.0017522143603567325,-0.012246139450490585
2021-04-21,0.032112759406869675,-0.0056644829845079875
2021-04-22,-0.040341164044441324,-0.004160466427315032
2021-04-23,0.018090849297143274,0.016591836329157835
2021-04-26,0.009037893775060826,-0.0018760347376092362
2021-04-27,-0.04562082546714086,0.01619979251603761
2021-04-28,-0.025791319537593144,-0.01717808628708637
2021-04-29,-0.028816350600415028,0.003394783241095989
2021-04-30,0.03648052692942441,-0.02914385064904567
2021-05-03,-0.033429742577224586,0.01730641696861501
2021-05-04,-0.03259946299321362,-0.027914263665936558
2021-05-05,-0.007818177345422506,-0.0009927844595697052
2021-05-06,-0.006653982607720654,0.020907599982166927
2021-05-07,0.013224723004378464,0.005330723273710425
2021-05-10,-0.07554534437972943,-0.006660562777991347
2021-05-11,-0.02383202294835514,-0.0005937619752487966
2021-05-12,-0.058735231544223165,-0.019198702975362435
2021-05-13,-0.022670262626138304,0.034107267270239196
2021-05-14,0.0367598000522795,0.014620508890573723
2021-05-17,-0.02924762499863609,-0.005952044374091955
2021-05-18,-0.006991115423773675,-0.01395945765533737
2021-05-19,-0.026186964711575583,0.009860467112562672
2021-05-20,0.04434139679086274,0.006971209105115575
2021-05-21,-0.018134514868642176,-0.009696133395187337
2021-05-24,0.04691194030807665,0.006825888823521087
2021-05-25,-0.005519192878727236,0.0021993969166661867
2021-05-26,0.018423451472274352,-0.010136747808655262
2021-05-27,0.00853272419409519,-0.021217586320309505
2021-05-28,-0.012739062956305836,0.0005116092108173528
2021-06-01,-0.008363146097751739,-0.007195624721005878
2021-06-02,-0.029592516091380874,0.014903647545259482
2021-06-03,-0.057789389882924674,0.007590946539962534
2021-06-04,0.04956786770193617,0.008485401130171016
2021-06-07,0.00911697022015126,0.0037879058506911714
2021-06-08,-0.005090576760327883,0.0018715807281007302
2021-06-09,-0.00885766021494451,0.007363783943230104
2021-06-10,0.015594595157600671,-0.0033218667859927845
2021-06-11,-0.00032389371659084787,0.007968430899592677
2021-06-14,0.01730834436312706,0.016128710249699318
2021-06-15,-0.03413180453678716,0.002798982398649147
2021-06-16,0.005296130055286605,-0.0036366376276456072
2021-06-17,0.02158492683778139,0.009618012709775962
2021-06-18,0.0024833245103156737,-0.014706675716373088
2021-06-21,1.4263465206235115e-05,0.01852926452679096
2021-06-22,0.0072587747008728,0.013468210906668832
2021-06-23,0.044636182964120925,-0.022088348876391904
2021-06-24,0.030197452409694125,-0.011560282458301353
2021-06-25,-0.01640217320282418,-0.0014549645066693623
2021-06-28,0.02690946871167592,0.007627043281806273
2021-06-29,-0.008330368355728757,0.01812844159542405
2021-06-30,-0.003976748069999578,0.0021333552188512253
2021-07-01,-0.00449681239996573,0.0038662550439366103
2021-07-02,0.009088084862795845,0.026583650819232963
2021-07-06,-0.0256048207875596,0.02012998630533702
2021-07-07,-0.01724757794079043,0.025375757760870955
2021-07-08,0.0035333286388395807,-0.016959718036450168
2021-07-09,0.006633394249112481,0.007135673956362179
2021-07-12,0.035445973275811976,-0.02098681302133027
2021-07-13,-0.020996714046038076,0.0229218558140901
2021-07-14,-0.016263066079046318,0.02765681587674304
2021-07-15,-0.00987695566292092,-0.0050646335580442695
2021-07-16,-0.016617999427811517,-0.00651981967725733
2021-07-19,-0.011359117296383253,-0.02786514342066839
2021-07-20,0.026468407271321368,0.013924822486664941
2021-07-21,-0.010208762456113282,0.004150463059962521
2021-07-22,-0.0049302729663602135,0.020488326063573564
2021-07-23,-0.005278572221529734,0.019049396180669684
2021-07-26,0.01741159318451957,-0.008113946717135695
2021-07-27,-0.027797189299652136,-0.008415363268322748
2021-07-28,-0.003879441560513605,-0.01033554645469898
2021-07-29,0.04164443075472051,-0.01432689742801934
2021-07-30,0.009130349984842412,-0.008390258725135394
2021-08-02,0.026203169904119597,-0.01434116632341198
2021-08-03,0.0023057161808893445,0.013257083532290888
2021-08-04,-0.0031301404049481757,-0.004136289023820967
2021-08-05,0.004346879911141854,0.005082718909925572
2021-08-06,-0.02486896619402748,0.00461202827640015
2021-08-09,0.014984763997152276,-0.010956749167433825
2021-08-10,-0.010844415313618433,-0.00478694657008439
2021-08-11,-0.005238903702387637,0.0031924003008360485
2021-08-12,0.023845220338503892,0.012206254372250314
2021-08-13,-0.006822386823995996,0.010119414856524123
2021-08-16,-0.03810694425759498,0.028789786885729623
2021-08-17,-0.034000467927065736,0.0035138065364280074
2021-08-18,0.020377300174802465,-0.03423358747790963
2021-08-19,-0.018314306047775036,0.023255920315446522
2021-08-20,0.01529156210192259,0.019269161588656346
2021-08-23,0.035205277303944474,-0.007327252196875481
2021-08-24,-0.002339216493893362,-0.0062005380333892204
2021-08-25,-0.002671825860288163,-0.008591716182998803
2021-08-26,-0.02042317815289199,-0.004921919979140724
2021-08-27,0.013396121613325637,3.314550130611993e-05
2021-08-30,0.03310490058735663,0.01810842566181996
2021-08-31,-0.0010359661962209138,-0.01198910852641226
2021-09-01,-0.0042017027732726975,0.003380661602349365
2021-09-02,-0.003987739634189039,0.004030112561858659
2021-09-03,-0.0006926461582085347,0.0018631577829662238
2021-09-07,0.02459062743081085,-0.0021024355801638056
2021-09-08,-0.004974276958293444,-0.007342623717762245
2021-09-09,-0.006506284730436143,-0.011629374104011575
2021-09-10,-0.03671224887631852,-0.016195245174987015
2021-09-13,0.007292921486582393,0.0016507981048708362
2021-09-14,-0.0017777646009364267,-0.00119828434066558
2021-09-15,0.016715380671155994,0.008954498108052558
2021-09-16,-0.0020514264795217507,-0.001076374267715445
2021-09-17,-0.009852194973613476,-0.02504231863806968
2021-09-20,-0.049778107990038345,-0.011935280927516674
2021-09-21,0.009714187616287936,-0.0016771617773143344
2021-09-22,0.020331508576170276,0.01277875780154316
2021-09-23,0.001442708483933422,0.005418207089124855
2021-09-24,0.022142101397492245,-0.01071019701456178
2021-09-27,0.009619847032085668,-0.02676709304581252
2021-09-28,-0.035315332762444834,-0.03300006128699339
2021-09-29,0.003347769103568779,0.0032627414275995803
2021-09-30,-0.01471991641302002,-0.00839021467120598
2021-10-01,0.005048523859440296,0.02178421654487444
2021-10-04,-0.007924510162530568,-0.03306293404903942
2021-10-05,0.0045312125316744195,0.022489177611949938
2021-10-06,0.004780339411407278,0.012636451376214615
2021-10-07,0.013532451284573602,0.004334529666032733
2021-10-08,-0.013593605757789853,0.0017651064702663352
2021-10-11,0.0035421493561153816,-0.00517005660374855
2021-10-12,0.00906197320412451,-0.015826822821723062
2021-10-13,0.00458931538824095,0.002044971302373605
2021-10-14,0.016056213549919096,0.023829218153420578
2021-10-15,0.02793153929247326,-0.0035696987389523954
2021-10-18,0.03225595103623069,0.0019884866620143923
2021-10-19,-0.0045942043140541206,0.014154029494650167
2021-10-20,-0.0014528386315174474,-0.00048151106015887485
2021-10-21,0.029986134306580023,-0.004478989310441835
2021-10-22,0.010113293832521048,-0.013730912784137052
2021-10-25,0.11299629647929407,-0.050342075060050374
2021-10-26,-0.006265396677043497,0.00926805403523255
2021-10-27,0.024103489676794584,0.01790524698570772
2021-10-28,0.03950749215069863,0.004331082729845261
2021-10-29,0.02904527680285625,-0.010552187388521747
2021-11-01,0.07201803471250692,-0.04036635074782228
2021-11-02,-0.026526446204905407,0.02322684899016249
2021-11-03,0.033123322823162854,-0.005583590098171588
2021-11-04,0.009766360678929942,-0.0028117110086577843
2021-11-05,-0.00853328140231889,0.0037213747410111686
2021-11-08,-0.04903985234010813,0.016070938024180147
2021-11-09,-0.11452365467882092,0.04444197892335417
2021-11-10,0.027648624194680088,-0.03924853604111534
2021-11-11,-0.006054287739436684,0.004260044431222326
2021-11-12,-0.022299733456497745,0.02820581611377899
2021-11-15,-0.02178137412484986,0.005786355415713547
2021-11-16,0.038883803707643584,-0.0045862602461796895
2021-11-17,0.03152110960494957,-0.0012279777337683082
2021-11-18,0.012475669271980419,0.020078531668566053
2021-11-19,0.037113765081138124,0.00043175805973844766
2021-11-22,0.011178048337276342,-0.011155453867094739
2021-11-23,-0.04259020013940129,0.012740659567180429
2021-11-24,0.0035535968264648055,-5.363774914135533e-05
2021-11-26,-0.04664595782087089,-0.02553228932058025
2021-11-29,0.05523256603742617,0.00869059605156497
2021-11-30,0.0072362271571849435,0.006227548224557046
2021-12-01,-0.04490722701701064,0.012949526905276336
2021-12-02,-0.01431657707446303,-0.0019200756767151286
2021-12-03,-0.07107603677459345,0.003330534770198755
2021-12-06,-0.0003070691151412924,0.022489378268178137
2021-12-07,0.052543762447535475,0.024545624794745015
2021-12-08,0.018192571731181648,0.008644029379645556
2021-12-09,-0.06206503656980292,0.01705399329062442
2021-12-10,0.02384082843128449,0.031661481970647914
2021-12-13,-0.057549241744995816,-0.0011472241908578804
2021-12-14,-0.02141811414325341,-0.023741311581041057
2021-12-15,0.02635342622795113,0.02413858113452375
2021-12-16,-0.06825710876360735,-0.026212234303099956
2021-12-17,-0.00038036560819676435,-0.009075712238132
2021-12-20,-0.041075530985907216,-0.0003030372355292965
2021-12-21,0.04752990230296398,0.0111702003633238
2021-12-22,0.07491484419081457,-0.006646051978556576
2021-12-23,0.052166984337971,-0.016666499021129974
2021-12-27,0.032310241472239286,0.020442450088196132
2021-12-28,-0.010483979863599988,-0.004493142056041816
2021-12-29,-0.004637454834486007,0.0021619140319054306
2021-12-30,-0.020655870847266736,-0.0041461344826826604
2021-12-31,-0.018316811910822114,-0.003616437563170767
2022-01-03,0.1277839804012859,-0.037805131990657874
2022-01-04,-0.04998919772739485,-0.004082284246991842
2022-01-05,-0.07002754358467803,-0.02270407795164512
2022-01-06,-0.029950474372314836,-0.008334117734011
2022-01-07,-0.03578743154354558,0.014030272250410161
2022-01-10,0.02496844908251558,-0.011160334813920265
2022-01-11,0.007393830671667656,0.009994601968124489
2022-01-12,0.03640111413989883,-0.006580998897610768
2022-01-13,-0.08189971414194253,-0.015007287183329457
2022-01-14,0.01876402474852898,0.008033563256109953
2022-01-18,-0.03164536201418472,-0.02174949210751221
2022-01-19,-0.03998675485044009,6.050917438658182e-05
2022-01-20,-0.007109141676276062,-0.01105811473656898
2022-01-21,-0.06028694366896689,-0.0009518326042667127
2022-01-24,-0.018063519373076223,0.0027947034743331656
2022-01-25,-0.024818484903547045,-0.020426473332528734
2022-01-26,0.022876235594959868,0.010117938107045976
2022-01-27,-0.10853740791910135,0.048131683406985454
2022-01-28,0.04248577745571245,0.056118827759349545
2022-01-31,0.10507489516678457,-0.0175299118115766
2022-02-01,-0.010844788297831393,-0.0033899208066084166
2022-02-02,-0.022992684159413357,0.024608563765374014
2022-02-03,-0.03273424322531637,-0.030658538890179117
2022-02-04,0.033569019618431284,-0.004842513160411226
2022-02-07,-0.024699881222676343,-0.007199777298661066
2022-02-08,0.019797812063714296,0.013601668886171828
2022-02-09,0.014532574548252242,0.015317178061274007
2022-02-10,-0.04440537537107575,-0.023240271382144816
2022-02-11,-0.06076468615550673,-0.010891050803303354
2022-02-14,0.013982029052912862,-0.006342675591439612
2022-02-15,0.057160786175441895,0.0069779626880600715
2022-02-16,-0.003075205360267688,-0.0023609960389395016
2022-02-17,-0.06389295653620752,-0.014210667045058939
2022-02-18,-0.028879253395265758,-0.004412537695890728
2022-02-22,-0.04682757603889945,0.0030729789854467837
2022-02-23,-0.08195055643900023,-0.007862068722534692
2022-02-24,0.058765893977949374,0.025899455331970203
2022-02-25,0.013124131018879145,0.009983273934051441
2022-02-28,0.06763067779012535,-0.024114985299526583
2022-03-01,-0.016302737691470393,-0.013706509761084902
2022-03-02,0.02351625328767301,0.01808296706896701
2022-03-03,-0.05025440331578884,0.006496165434168984
2022-03-04,-0.014779108224679607,-0.02531363710901357
2022-03-07,-0.056787327271888566,-0.025398613154674447
2022-03-08,0.013428993345109275,-0.024404158068534777
2022-03-09,0.05686034842549778,0.03685683577450226
2022-03-10,-0.035782971104141026,-0.015710116765021355
2022-03-11,-0.06237896760415726,-0.009350513662912091
2022-03-14,-0.047798628309706465,-0.012516282901215953
2022-03-15,0.0576645373529413,0.027054348361216816
2022-03-16,0.05540986311584028,0.017248626015178632
2022-03-17,0.03374228524473034,-0.00825933573619303
2022-03-18,0.042858279909333476,0.010390797198382734
2022-03-21,0.014089004654204304,-0.003984290217558528
2022-03-22,0.07982145680157204,-0.005676319709987554
2022-03-23,-8.538652960934923e-05,-0.006613111227572847
2022-03-24,0.020596613440679937,0.019090780162861094
2022-03-25,-0.005661576317292194,0.0024815339514995885
2022-03-28,0.07832908342977951,-0.012149385945141089
2022-03-29,0.012376497960869218,0.019520263797300933
2022-03-30,-0.011156129445729801,-0.005965268475467342
2022-03-31,-0.026669474497279563,-0.01788480322981565
2022-04-01,0.0030850601396389954,-0.0015195182469851173
2022-04-04,0.05977311858027394,0.005877192937113619
2022-04-05,-0.05575117365141169,-0.0034231981530065472
2022-04-06,-0.05639501007662459,-0.020609958170276076
2022-04-07,0.008914588056439382,0.0008247815131748396
2022-04-08,-0.03821055942419174,-0.006341504104907379
2022-04-11,-0.06522528722528884,-0.02460660308481643
2022-04-12,0.007476421544515888,-0.004269816300648016
2022-04-13,0.03943745490915549,0.009807141600423237
2022-04-14,-0.05243742510440716,-0.023934704457772314
2022-04-18,0.015038210264833013,-0.006933571874284478
2022-04-19,0.026902806768451276,0.011164257944445075
2022-04-20,-0.04860381715781495,0.020110598710245946
2022-04-21,0.02032156238482455,-0.02827988794827812
2022-04-22,-0.020653744666151885,-0.032957100510697356
2022-04-25,-0.0017750473711537207,0.022687958729821836
2022-04-26,-0.1361043276774634,-0.003393154881828682
2022-04-27,0.013797009956496381,0.02791450675745803
2022-04-28,0.010763160077528436,0.04589533346021182
2022-04-29,-0.03127750993565054,-0.048753193550421146
2022-05-02,0.03776790653398482,0.0034158613292886927
2022-05-03,0.0034058092067271867,-0.00275339779288223
2022-05-04,0.05963352665611468,0.027720932733178816
2022-05-05,-0.10707410075970772,-0.034019366847692044
2022-05-06,-0.012524024248973156,-5.1253688140018294e-05
2022-05-09,-0.10601376598669543,-0.01207884756271297
2022-05-10,0.021062674261638728,0.01625227655924077
2022-05-11,-0.10268823169964866,-0.025003784868626998
2022-05-12,-0.023482160486380882,-0.027932800850902988
2022-05-13,0.06418688445820636,0.013945764076070143
2022-05-16,-0.06039464382903942,0.015743689154220385
2022-05-17,0.05650816909303706,0.010355210641468694
2022-05-18,-0.0936229137453235,-0.04151804038279828
2022-05-19,-0.011673576080615894,-0.018721432900604747
2022-05-20,-0.06288843204347655,0.023512723583905413
2022-05-23,0.03129069776335422,0.040762578807666754
2022-05-24,-0.07386916269140054,0.010545134285331291
2022-05-25,0.04497476647818028,-0.010620733551625468
2022-05-26,0.07517412692196904,-0.0045817885920253765
2022-05-27,0.08293070296875617,0.016931589658838096
2022-05-31,-0.00778753142804911,-0.0064030155246558584
2022-06-01,-0.024943452049670703,0.009329559868269346
2022-06-02,0.046668176058388106,-0.001662276018879437
2022-06-03,-0.10371642344404522,-0.001803555523005429
2022-06-06,0.011775645478768165,-0.005957842095089344
2022-06-07,0.007439396269577153,0.01942099540621178
2022-06-08,0.004850790708874217,-0.013308826780741169
2022-06-09,-0.026918617821620347,-0.03415223315568145
2022-06-10,-0.054306443027432344,-0.043034666420528826
2022-06-13,-0.09056287064354265,-0.026415158085729466
2022-06-14,0.02296298492926635,0.0011087143043569808
2022-06-15,0.06056716874869219,0.011695177844870619
2022-06-16,-0.10036000518965138,-0.011833948120176865
2022-06-17,0.018539956654202702,0.007966004455663034
2022-06-21,0.09866072407152551,0.0020965626371577395
2022-06-22,-0.008745120731283612,-0.002872527730912587
2022-06-23,0.004402540220463783,0.03028550262140186
2022-06-24,0.05404408194382995,0.021077079985517472
2022-06-27,-0.008980320646548745,-0.005931349612434959
2022-06-28,-0.06606070728487978,-0.021766626604765187
2022-06-29,-0.012608529054202164,0.02463859263469464
2022-06-30,-0.028005380937210708,-0.014137345463159832
2022-07-01,0.01537618534523344,0.012649539393982952
2022-07-05,0.028767245896138965,0.010769394920890227
2022-07-06,-0.002739725063837059,0.01651698450578161
2022-07-07,0.05662659300635892,6.293488143455095e-05
2022-07-08,0.020821915010116127,-0.008560349706137331
2022-07-11,-0.07110899008558755,0.006963717806953096
2022-07-12,-0.016861794917141626,-0.020463753784480142
2022-07-13,0.010766699022339607,-0.01081627002376239
2022-07-14,0.008694221300681912,0.014676938878734211
2022-07-15,0.009282928536722995,0.011248036074623581
2022-07-18,-0.009697122222060428,-0.020908808677130845
2022-07-19,0.02854474340742863,0.02303827055439124
2022-07-20,0.010516812497253336,0.012462342788467737
2022-07-21,0.0939350434598621,-0.02078020733491103
2022-07-22,-0.008071933212570132,-0.017403777118220644
2022-07-25,-0.019871678241642085,-0.0037279331717208763
2022-07-26,-0.04563458140809745,-0.01013481005675592
2022-07-27,0.08023259329262172,0.042616547126891405
2022-07-28,0.025360882933758183,0.01233506139476425
2022-07-29,0.0633437673576647,0.009733546609110216
2022-08-01,-0.007139839977348503,-0.010844316299137312
2022-08-02,0.00146233397647981,-0.018078927024229426
2022-08-03,0.03534517627132132,0.03450497164553034
2022-08-04,0.0008909852132814311,-0.0003532627290976295
2022-08-05,-0.06582386349857847,0.0220456827352119
2022-08-08,0.0007593047417353144,-0.01111586009795848
2022-08-09,-0.02409780444078846,0.013698016760927315
2022-08-10,0.046141820850403005,0.018148435558775527
2022-08-11,-0.030782140952786932,0.0018438631790868923
2022-08-12,0.050239345518759554,0.007321958042833143
2022-08-15,0.028445942648790162,-0.004294726805165551
2022-08-16,-0.012525472858708517,0.0007639592251124303
2022-08-17,-0.009329989396693092,0.006922136290339852
2022-08-18,-0.008428406031555938,-0.0029812349414833628
2022-08-19,-0.030049032771656867,-0.011558072177223225
2022-08-22,-0.038299238881144726,-0.026023159008002235
2022-08-23,0.015780454067406274,-0.013194568379475448
2022-08-24,-0.0014413544934387401,-0.001462604791341339
2022-08-25,0.00041338991706432737,0.018063694107264078
2022-08-26,-0.04860826646693106,-0.04012214401717914
2022-08-29,-0.020389982083951305,-0.011988892071769022
2022-08-30,-0.03293918064546321,-0.006516210317669434
2022-08-31,-0.01473837296368291,-0.008181248634701002
2022-09-01,0.002129601727220487,-0.0019794251578158922
2022-09-02,-0.03460127788402484,-0.010681294137903252
2022-09-06,0.00600682659286586,-0.01871998797200023
2022-09-07,0.03538971573515789,0.005528636229517145
2022-09-08,0.012538038186672582,-0.012916446264425618
2022-09-09,0.041085144775349296,0.013528641320211254
2022-09-12,0.024130769633088064,0.02450304129260751
2022-09-13,-0.07103988699681499,-0.05956891242803409
2022-09-14,0.03277136851876014,-0.006910328722292788
2022-09-15,-0.01201261339613549,-0.03185215656917086
2022-09-16,-0.008293029429872548,-0.00871417704065889
2022-09-19,0.020877722060386378,0.00853649806569489
2022-09-20,-0.002150695307683928,0.004915316840900491
2022-09-21,-0.03645787387609184,-0.013380084716198247
2022-09-22,-0.04058480888475455,0.016324422460059135
2022-09-23,-0.053352606316983076,-0.0012346686137400253
2022-09-26,-0.0009384574465247236,-0.001023300257723181
2022-09-27,0.02062401481979108,-0.008275926641276847
2022-09-28,0.0140513505570274,-0.0022527158144304074
2022-09-29,-0.08388811571797217,-0.016653663470387943
2022-09-30,-0.026860910867423843,-0.02854222828264314
2022-10-03,-0.06605677938680923,0.07431796987814106
2022-10-04,0.03925467793139082,0.027684621875445823
2022-10-05,-0.03450750197690333,0.014917523859256928
2022-10-06,-0.017962282874363564,-0.006771259297462473
2022-10-07,-0.08505754703455509,-0.033813477245433606
2022-10-10,-0.008550830017565209,-0.01244398323769931
2022-10-11,-0.037297523410047856,-0.007059239468823995
2022-10-12,-0.0010923500272309872,-0.003629079530186978
2022-10-13,0.03464359297544182,0.03858859365237456
2022-10-14,-0.0883850256200078,-0.008926482874082278
2022-10-17,0.07959516402941894,0.01809551329001679
2022-10-18,0.003849044736878207,0.007121541447807904
2022-10-19,0.002495088916809343,-0.008473645280068672
2022-10-20,-0.06619904861872583,0.021665004001361184
2022-10-21,0.04258922491365606,0.020998464151935743
2022-10-24,-0.007643543572397576,0.02886171085445155
2022-10-25,0.054509627279115055,0.0015261436947245632
2022-10-26,-0.019121616642681166,-0.06726671000210172
2022-10-27,-0.01499901772681167,-0.03398311988326682
2022-10-28,0.04201277179171736,0.06992888434327657
2022-10-31,-0.015641531548439447,-0.01916127506263795
2022-11-01,-0.011428255111036179,-0.023426799011608677
2022-11-02,-0.07492450815910076,-0.026696365342506072
2022-11-03,-0.0204897663970339,-0.046114690441060556
2022-11-04,-0.029191112159322838,0.033852146846651866
2022-11-07,-0.04124739795195545,0.04020300339334076
2022-11-08,-0.028248939887423774,0.016353635172225912
2022-11-09,-0.08382453293307157,-0.007588784561989026
2022-11-10,0.11077585866755967,0.0840823649724451
2022-11-11,0.031820730281663344,0.013110889347265946
2022-11-14,-0.03542858490918269,-0.011564344493558289
2022-11-15,0.017227592930496305,0.0018141669163506194
2022-11-16,-0.04095284151849177,0.009928809448066303
2022-11-17,-0.018376041572234506,0.015661779256230742
2022-11-18,-0.017854566953593512,0.007078241098651239
2022-11-21,-0.0718671084583413,0.013409259445307804
2022-11-22,0.015106743751779173,0.012809626197097461
2022-11-23,0.07338825820467253,-0.019047688170089887
2022-11-25,-0.010631439107954804,-0.012732006972065703
2022-11-28,-0.01623930236915727,-0.032800837371410395
2022-11-29,-0.021335745532349917,-0.013772415116465042
2022-11-30,0.09685143879588448,0.042998941167843065
2022-12-01,-0.0032755670817283394,-0.00019837620847183712
2022-12-02,-0.003207118771013484,-0.001978145023470594
2022-12-05,-0.06936467424498316,0.0060998246807190265
2022-12-06,-0.02892555940120689,-0.024806103640112064
2022-12-07,-0.03775101503092179,0.0007341408500722985
2022-12-08,-2.6921882351871318e-05,0.017073390210626316
2022-12-09,0.023622234464100264,-0.019946230629965388
2022-12-12,-0.04957072412194921,0.05293405801892509
2022-12-13,-0.034964088578518876,0.030963349664137524
2022-12-14,-0.031278246204558574,-5.6449977819117425e-05
2022-12-15,-0.01936479668042039,-0.05403504209726286
2022-12-16,-0.0555266079150967,-0.0034408566552488473
2022-12-19,-0.014400637694400795,-0.021161539234465808
2022-12-20,-0.07668667810352223,0.033329471512442345
2022-12-21,0.004491155367886357,0.023099292480432652
2022-12-22,-0.09873509355503213,0.0008466516506925384
2022-12-23,-0.01982069748386754,0.005947406258034159
2022-12-27,-0.1147893523499108,0.028676072752773833
2022-12-28,0.01614176356649856,-0.03963431068799513
2022-12-29,0.08641221099568487,0.005942803552828481
2022-12-30,0.006423379872261589,-0.006089202360528005
2023-01-03,-0.12744580306012784,0.02050485200757846
2023-01-04,0.03591697914983368,-0.04130635988685965
2023-01-05,-0.04071891411877024,-0.015665549493015234
2023-01-06,0.03272364715675077,0.02233390330126089
2023-01-09,0.05522699861677003,-0.013592798393991024
2023-01-10,-0.0073004916198209785,0.010496131117899571
2023-01-11,0.044248825665289204,0.019477245151389887
2023-01-12,0.001975332996070764,0.005848324198904062
2023-01-13,-0.008466847074700842,0.01186921530092435
2023-01-17,0.06906570132834765,-0.01942870501429985
2023-01-18,-0.028729093877136028,-0.008385292995113605
2023-01-19,-0.018980360138101518,-0.006021952322694368
2023-01-20,0.056581532881345084,0.01716194609243689
2023-01-23,0.07740662651486117,-0.00755896454818273
2023-01-24,-0.00021176809421172282,0.004513511457576169
2023-01-25,-0.002687009664050319,-0.008652640417452985
2023-01-26,0.11014381829431209,-0.0118052866129005
2023-01-27,0.10252253275070643,-0.032266234166125736
2023-01-30,-0.073044512452209,-0.004048443777073772
2023-01-31,0.04094255438090496,0.00452759246768987
2023-02-01,0.04769320061178887,0.00010659210625500737
2023-02-02,0.05388069626843699,0.04043535110108116
2023-02-03,0.005879983608696265,-0.0030457154235584913
2023-02-06,0.013402665308134082,-0.025553978870699164
2023-02-07,0.022401711099134358,0.035806365821548024
2023-02-08,0.012021942296967042,-0.02250527591206803
2023-02-09,0.019514031890399297,-0.023719809429380685
2023-02-10,-0.04977424807332492,0.01897217214805394
2023-02-13,-0.0007865185766868649,0.03675430026458153
2023-02-14,0.06579185158110804,-0.02928443560674559
2023-02-15,0.020587229538309618,-0.005326322958172806
2023-02-16,-0.0657575821652045,-0.0030816227191326623
2023-02-17,0.01933612439649232,-0.027112549273783836
2023-02-21,-0.0647350005489801,-0.011707417996677641
2023-02-22,0.012668783000617218,-0.008035207474890504
2023-02-23,0.00642387039833997,0.008054183939169172
2023-02-24,-0.03768607832627133,-0.01668115331051491
2023-02-27,0.050478621147005735,-0.012956411933801884
2023-02-28,-0.013632989961155709,-0.0010116170369072475
2023-03-01,-0.023766438400274925,-0.012526371144273532
2023-03-02,-0.05145585311102413,0.037268083014169846
2023-03-03,0.0440777855864898,0.020074475512085445
2023-03-06,-0.015259625156806192,0.023519287621411956
2023-03-07,-0.03923618608002355,-0.00489441272934904
2023-03-08,-0.02964748358846074,0.015516127777813995
2023-03-09,-0.05510831661487839,0.005118567002896687
2023-03-10,-0.008184342042718895,-0.020199329769084513
2023-03-13,0.011326941536018445,0.02015925010694304
2023-03-14,0.05403819847649997,0.0076783914542121814
2023-03-15,-0.012314259165574909,0.01882578883265975
2023-03-16,0.031012852211279,0.030761436634924907
2023-03-17,-0.022039658482702215,0.011914672222254959
2023-03-20,0.010481577245118293,-0.013415283618880822
2023-03-21,0.07385553483804645,-0.01815121269369282
2023-03-22,-0.037419984554693836,0.0024135949753688393
2023-03-23,0.008766599452785948,0.015043253373573137
2023-03-24,-0.007109213967971664,0.015549615895792061
2023-03-27,-0.003755096412545539,-0.02088920227105314
2023-03-28,-0.018173222220791027,-0.0004856643158133167
2023-03-29,0.029984200650640926,0.01591001194319508
2023-03-30,0.009286087638941384,0.011725288291300144
2023-03-31,0.06257302159863964,-0.0037164030593403383
2023-04-03,-0.05881174041483683,0.025379205105432578
2023-04-04,-0.014722561040414,0.0016850246196495125
2023-04-05,-0.04296882176155992,-0.00037527571692214795
2023-04-06,0.0023447363036013524,0.020900898424955346
2023-04-10,-0.012482599840027572,-0.014630963181246424
2023-04-11,0.00023342085495739462,-0.02471893266314836
2023-04-12,-0.034975070569486316,0.01095439366702209
2023-04-13,0.03932769647768657,0.02558527935315812
2023-04-14,-0.011663133975119963,-0.00818473746439527
2023-04-17,0.009246143161504669,0.0016950347218372616
2023-04-18,-0.015161478976794887,0.009169625254963544
2023-04-19,-0.02003982377825024,0.01207091463860302
2023-04-20,-0.0973209956967172,0.02724973572264604
2023-04-21,0.005484793874798208,-0.012356780170779694
2023-04-24,-0.020565446526200223,-0.0023907788247633094
2023-04-25,-0.022408166372158686,-0.01684314923456888
2023-04-26,-0.024928378916008825,0.06309282498772795
2023-04-27,0.051473088374158794,0.023512510294808355
2023-04-28,0.024590179412640897,0.00018695125809404384
2023-05-01,-0.01888709957415681,0.001430913481590787
2023-05-02,-0.013908053889747293,-0.0011550830460638414
2023-05-03,-0.004263755752005202,-0.00741187836506603
2023-05-04,-0.0018776787125505817,-0.00604022147640472
2023-05-05,0.06498860943169305,0.021097948944746297
2023-05-08,0.004324485516691387,-0.008584793821682313
2023-05-09,-0.021726344087577995,-0.004559309480237264
2023-05-10,0.0005886934296185364,0.01919845442748225
2023-05-11,0.01462199396890243,-0.012070441206282805
2023-05-12,-0.027869292147791658,0.002710553791595488
2023-05-15,-0.012751587663298494,0.002484274548484544
2023-05-16,-0.0005440314853404071,0.004124075858091408
2023-05-17,0.04087391000439494,-0.008350904674716705
2023-05-18,0.02024379140671953,0.01152708290183068
2023-05-19,0.01369544001297257,-0.007163825588216252
2023-05-22,0.04226723348745756,-0.016326717087628707
2023-05-23,-0.02745443781662299,-0.01610887563667951
2023-05-24,-0.01834518103704387,0.003679851396906013
2023-05-25,0.016200001149787507,0.025949841856404997
2023-05-26,0.04968063529525277,0.005181658413690816
2023-05-30,0.036654007136066966,-0.012134011501261047
2023-05-31,0.007164811586210823,-0.011212262170310787
2023-06-01,0.02065008272215746,0.011945966023183208
2023-06-02,0.02891439116066348,-0.003321230039577752
2023-06-05,0.010698765584352732,-0.01063178063317001
2023-06-06,0.010116062409698118,-0.01243506836734911
2023-06-07,0.00030966345807276197,-0.031065881171429048
2023-06-08,0.04487419236477753,-0.0035687522344315797
2023-06-09,0.03606511238036871,-0.011094057927944302
2023-06-12,0.025506785914254093,0.011732975658279403
2023-06-13,0.030703263140665973,-0.010598637435280105
2023-06-14,-0.0069471547887503815,0.010745222328564036
2023-06-15,0.004632854785446158,0.02917510059743764
2023-06-16,0.007608674614899488,-0.02178141774472423
2023-06-20,0.04307010853203839,-0.028217646007919296
2023-06-21,-0.058897869241768624,0.00786868219530186
2023-06-22,0.024307507544220397,0.015133276813237985
2023-06-23,-0.03537086216788282,0.0009733178085417071
2023-06-26,-0.06645191288702665,0.005050258027307214
2023-06-27,0.04064507428973173,0.007160756880139223
2023-06-28,0.021701488619587456,-0.002704889031159244
2023-06-29,0.001096535032595769,-0.0025146057448045614
2023-06-30,0.022596227054920717,0.019355410853479787
2023-07-03,0.056451602673566324,-0.036252534987485326
2023-07-05,0.003932100358255128,-0.007428858780543328
2023-07-06,-0.01979965512415742,0.01528641213639768
2023-07-07,-0.015072466797098533,-0.009036643021806401
2023-07-10,-0.02670116152032183,-0.011249427965673707
2023-07-11,-0.003033069358425289,-0.0011380780676457994
2023-07-12,0.010305717024758548,0.011826425351738758
2023-07-13,0.022003640253841147,0.00475397318124092
2023-07-14,0.01036996679996327,0.0004192169861933631
2023-07-17,0.031458050888833876,-1.4154256656510877e-05
2023-07-18,0.015790959436333518,0.02093070032287627
2023-07-19,-0.011059274050455925,-0.0009660206640704633
2023-07-20,-0.1022254754690479,0.014634061930752305
2023-07-21,-0.017485637879160798,-0.0060531742859366855
2023-07-24,0.031013313968177247,-0.00806004995470113
2023-07-25,-0.010804761713572433,0.01905257672934467
2023-07-26,-0.014867330023597136,-0.020516410748753412
2023-07-27,-0.04075355253183291,-0.0059307698601774525
2023-07-28,0.04513867888595919,0.007883821196555833
2023-07-31,-0.0008650776146181122,-0.004327809744725138
2023-08-01,-0.026262375642309432,0.006656863087591676
2023-08-02,-0.039027433902349196,-0.01759069126362136
2023-08-03,0.012945232590913902,-0.014502935245029963
2023-08-04,-0.03538316389250745,-0.021748727266769734
2023-08-07,-0.015161833370321509,-0.0034462693819724416
2023-08-08,-0.011436653409396175,-0.002194661390132545
2023-08-09,-0.03668100292080845,-0.0025063448152748136
2023-08-10,0.008897630797441936,-0.004586228467272149
2023-08-11,-0.014924616063269946,0.00017944701394756457
2023-08-14,-0.00937980017362637,0.016525497882176197
2023-08-15,-0.034455951031952314,-0.0013785468965907405
2023-08-16,-0.03462072882318726,0.006748891659560802
2023-08-17,-0.036394371095577444,-0.006393848144577455
2023-08-18,-0.018652371352227498,0.0071411892643699765
2023-08-21,0.07099949904509506,-0.011657012986281912
2023-08-22,0.0069542957828094415,0.0029764572823512483
2023-08-23,0.020908496851931788,0.017410411519169777
2023-08-24,-0.042770873522045005,-0.020700292123715318
2023-08-25,0.036981316271629636,0.00017303071139412873
2023-08-28,0.00056784061706458,0.00661999492510211
2023-08-29,0.07762560543559639,-0.005385147250888685
2023-08-30,0.0012743996028614785,0.013492289099720223
2023-08-31,0.00043205554510987454,-0.0032931288573067874
2023-09-01,-0.04721401263995964,0.026128810493509805
2023-09-05,0.04416852030255786,-0.00739667211261235
2023-09-06,-0.030351326028787984,-0.01846204126975321
2023-09-07,-0.015353256263952578,-0.02472401362655021
2023-09-08,-0.010049675470508182,0.015094125875752765
2023-09-11,0.0947624276625727,-0.026762925049104123
2023-09-12,-0.03339179271135184,-0.015035281006872611
2023-09-13,0.00984163045322689,-0.00504501238620466
2023-09-14,0.017266581685356677,0.004032979044487184
2023-09-15,-0.016391858918103117,-0.017099327576365085
2023-09-18,-0.030285158278639368,0.02104708054877725
2023-09-19,0.002311785924674181,0.001231987655045376
2023-09-20,-0.028593978044078802,-0.023563275167771035
2023-09-21,-0.03112016926461432,0.0012093609359583035
2023-09-22,-0.043173182602411736,0.013746679237304202
2023-09-25,0.007106812378290667,0.0024116473569192887
2023-09-26,-0.024951566642067532,-0.022410190143111637
2023-09-27,-0.019046776555477096,0.0007868156736305781
2023-09-28,0.02040543359652569,-0.006720247022410357
2023-09-29,0.013634373692530538,0.00023086741226747282
2023-10-02,0.010741524756657558,0.019887248001266632
2023-10-03,-0.030807777630047703,-0.014860550422630965
2023-10-04,0.0581550632560856,-0.006232268592150952
2023-10-05,-0.004968883987684955,0.006862103666092287
2023-10-06,0.008730775491512549,0.024847120763741563
2023-10-09,-0.002076699680320551,0.011611286492029547
2023-10-10,0.008702041132451946,-0.011052391926728432
2023-10-11,-0.00025848083142700207,0.013808767990746963
2023-10-12,-0.01741707260748332,0.006463389526364979
2023-10-13,-0.036582153051760075,-0.0025540346364592986
2023-10-16,0.010563468991915667,0.004796722145935815
2023-10-17,-0.002854799891971807,-0.008592610827722363
2023-10-18,-0.05114187261456993,0.008982955827067977
2023-10-19,-0.08918380938971943,0.035676619916351585
2023-10-20,-0.045184263354862114,-0.005238648678937002
2023-10-23,-0.0007153440126367594,0.005291194303871573
2023-10-24,0.017676774656757585,-0.004104018279321456
2023-10-25,-0.016891418231800112,0.017948042268227275
2023-10-26,-0.04876109644268822,-0.02914638865702813
2023-10-27,0.007281877129767453,0.005952612044851771
2023-10-30,-0.03858469099127412,0.040677593025462186
2023-10-31,0.014364195969603422,-0.003528749974134944
2023-11-01,0.03006215045092611,0.018356227314458018
2023-11-02,0.061940077338757636,-0.00594885232252515
2023-11-03,0.004602797584297519,0.002181139066154608
2023-11-06,0.0004877744505068782,0.017394016043148715
2023-11-07,0.015807984028142805,0.011537906989769649
2023-11-08,-0.000131842257986306,0.008526423972639904
2023-11-09,-0.05642837651667096,0.014028154966597685
2023-11-10,0.03002524831422218,0.022851342044018084
2023-11-13,0.03130125835355073,-0.027103637858062753
2023-11-14,0.05983583090907606,-0.007556124382077402
2023-11-15,0.018781567489346396,-0.006635663552694029
2023-11-16,-0.03166782023569768,0.03145690418995103
2023-11-17,-0.004824532269297008,-0.012458987995243365
2023-11-20,0.009567295688907226,0.01710315907237
2023-11-21,0.014550261377575938,-0.019572671390365247
2023-11-22,-0.025977431743596596,0.0212790315288053
2023-11-24,-0.0006866780793704785,-0.007622536851425124
2023-11-27,-0.0003502736799466666,0.00011307727819424157
2023-11-28,0.04202525492107675,-0.00809926910362637
2023-11-29,-0.01709941888539547,-0.006477405530414759
2023-11-30,-0.01786713595095138,0.008084728933209412
2023-12-01,-0.009226292131296485,-0.0014328306113876588
2023-12-04,-0.022232346561112767,-0.010750128814271724
2023-12-05,0.017182939021367763,0.014525149962148976
2023-12-06,-0.004948766655252665,-0.011572405378409138
2023-12-07,0.013601918192086934,0.0050397595747262505
2023-12-08,0.005530965844968941,0.008488372966665811
2023-12-11,-0.024519695437717245,-0.00757990715292263
2023-12-12,-0.009595939591287544,0.014613363471272425
2023-12-13,0.010202624439885274,0.00705682089086869
2023-12-14,0.036671659314977345,-0.03298787479192878
2023-12-15,0.008245333576328964,0.002788938012092526
2023-12-18,-0.009605118894447748,-0.0004079270656874093
2023-12-19,0.017441230848370765,-0.003372691937923486
2023-12-20,-0.044436867899982385,0.002791607457309185
2023-12-21,0.026011131456165182,-0.00687397998125612
2023-12-22,-0.011332518078114612,0.0007671962517636771
2023-12-26,0.01083468901210792,-0.008090766067632003
2023-12-27,0.013825286472593845,-0.008063807644209636
2023-12-28,-0.031183676081695894,0.015171574603012418
2023-12-29,-0.021552718362850484,0.0044419624906030936
2024-01-02,-0.01704093580888788,-0.03272555114773785
2024-01-03,-0.04280631604257765,0.009407289420338888
2024-01-04,-0.010735616469439546,-0.012513132547244094
2024-01-05,-0.006319306479008413,-0.002576721510397957
2024-01-08,0.019709310374203343,0.0232321026711163
2024-01-09,-0.024394585973273153,0.008723061501130697
2024-01-10,-0.0010928935924651856,0.017181246308989474
2024-01-11,-0.02963408594213493,0.011563464910124943
2024-01-12,-0.03429276515803745,0.02118250316153006
2024-01-16,-0.0013011321907010487,-0.007136586860619305
2024-01-17,-0.02368408247612272,0.0024260637057624684
2024-01-18,-0.007185206526991367,0.034921580483264304
2024-01-19,0.005416299839878902,0.01732531122926973
2024-01-22,-0.016136080808450776,0.010195151446638816
2024-01-23,0.0015336256584627533,0.007402409632817193
2024-01-24,-0.007806898316993077,0.005750730753108654
2024-01-25,-0.11469851891204944,0.047966025540139325
2024-01-26,-0.003312874390177009,-0.00901886488501985
2024-01-29,0.038096476132149754,-0.009084892459306354
2024-01-30,-0.0062194300172105366,-0.01606339486362806
2024-01-31,-0.03636862219735226,-0.022155965353995395
2024-02-01,0.012077957480917806,0.015499073215707385
2024-02-02,-0.004857424309749336,0.010051630991146393
2024-02-05,-0.037809277934639035,0.011079391717000689
2024-02-06,0.01962030720279799,-0.003266532912565477
2024-02-07,0.01456262125275068,0.008806622014116743
2024-02-08,0.004853571186483052,-0.00796096618248824
2024-02-09,0.021319459258682283,0.004576617866403662
2024-02-12,-0.03508553237315218,-0.0038425500861877376
2024-02-13,-0.03218947440924787,-0.01352757351851852
2024-02-14,0.02135906767185354,-0.006752555604848817
2024-02-15,0.0520221711861064,-0.029409837475159385
2024-02-16,-0.009575075829996366,-0.008913717407803529
2024-02-20,-0.033977074190993495,0.006600478945619527
2024-02-21,0.0022561175824869634,-0.00048726175803383287
2024-02-22,0.018297753914187156,0.0173558614689554
2024-02-23,-0.03248750107801128,0.0013973145713546617
2024-02-26,0.028691025925053404,-0.024214755763885758
2024-02-27,0.0004021185971923996,0.004329269212167641
2024-02-28,0.005658912492279136,-0.00862500673778803
2024-02-29,-0.0014429517754810661,0.007037523983576446
2024-03-01,-0.00041208860258921953,-0.002749991678880355
2024-03-04,-0.07707267241705204,0.009017842923052584
2024-03-05,-0.05521112456888677,-0.023491118375417182
2024-03-06,-0.026874105193047018,0.0036754864965737044
2024-03-07,0.011957337491188408,0.006169715020152469
2024-03-08,-0.019472304475978017,0.008766506908146073
2024-03-11,0.011721210852172273,-0.00044870423121124575
2024-03-12,0.002955487967679485,0.019361055085264218
2024-03-13,-0.04890098231952686,0.008529353517565536
2024-03-14,-0.032287058042723984,0.03829275517596291
2024-03-15,-0.003109773800914234,-0.01770844812371803
2024-03-18,0.05690332452447884,-0.018229134638830642
2024-03-19,-0.010304644247526945,0.020408850724313324
2024-03-20,0.02650760344209291,0.005764219514039673
2024-03-21,-0.027261153683145467,-0.014761379229558093
2024-03-22,-0.012913954634232921,0.006579482465070292
2024-03-25,0.0006167892630814659,-0.01866429224323852
2024-03-26,0.02110326891693831,-0.017540573405747863
2024-03-27,0.013688676145214504,0.008755615098374116
2024-03-28,-0.02753852343181684,0.00011162896746507583
2024-04-01,-0.006400707167752512,0.0013245881077860386
2024-04-02,-0.05258810800001404,0.008744140660726929
2024-04-03,0.007115289403547373,-0.0026196508585622294
2024-04-04,0.008750593480891383,-0.01360162200382959
2024-04-05,-0.03109076051069601,0.02824695323649143
2024-04-08,0.039622348179646404,-0.024547755153958524
2024-04-09,0.020556494612358325,-0.001417076702965786
2024-04-10,-0.03507085259160611,-0.0013510114396484973
2024-04-11,0.026820761093471104,0.029162436581908265
2024-04-12,-0.02335366544745189,0.003852707495186021
2024-04-15,-0.06623857614437384,-0.006392314032668538
2024-04-16,-0.03319482040556583,-0.0012462139477987036
2024-04-17,-0.017089630229803934,-0.005989378197898403
2024-04-18,-0.04249877190108253,-0.002672637423311766
2024-04-19,-0.027781904301742724,-0.009408459715501888
2024-04-22,-0.03226701860399303,0.018860206978341624
2024-04-23,0.01975138145268633,0.0076917380227206344
2024-04-24,0.11283892989659156,-0.03494333719820896
2024-04-25,0.03787051611724669,-0.031559917215162166
2024-04-26,-0.009992969238714414,0.013491688570433397
2024-04-29,0.1428198942787441,-0.04810212812206637
2024-04-30,-0.067998112966101,-0.012370626292869863
2024-05-01,-0.018022330490844188,0.011873804914050004
2024-05-02,0.004749623163660455,0.018955534859320104
2024-05-03,0.02501000005551489,0.051070301726889776
2024-05-06,0.01664012878406808,-0.0026768750578903336
2024-05-07,-0.03971507581315842,0.009743433359054199
2024-05-08,-0.01819239112488688,0.009384746198830465
2024-05-09,-0.014046143427005095,0.015049110710925826
2024-05-10,-0.022644867025705825,0.006655807912108604
2024-05-13,0.01974647711750248,0.0020793202148187487
2024-05-14,0.030606127716597077,-0.004148283780724939
2024-05-15,-0.01409584917232326,0.026693163529258566
2024-05-16,9.450452744451387e-05,-0.0049363910635745675
2024-05-17,0.010099952874429816,-0.007037712573555829
2024-05-20,-0.011648976244448758,0.017044176296558605
2024-05-21,0.06244436969310138,-0.015172059429819224
2024-05-22,-0.0368035798205649,0.010082099718494997
2024-05-23,-0.044061310204897175,-0.006176073797683215
2024-05-24,0.03246813757243818,0.0035362229146741544
2024-05-28,-0.016116341108698223,0.005211735030822638
2024-05-29,-0.006527806405685732,0.00019589871931481595
2024-05-30,0.003223340815759382,-0.024411770185314895
2024-05-31,-0.005354660622457971,0.00522769566053282
2024-06-03,-0.011068017443730108,0.007056630907982871
2024-06-04,-0.009321986601639617,0.008056662330487081
2024-06-05,0.004875937433724081,0.016799065611441
2024-06-06,0.010531853665837476,-0.010505133938843877
2024-06-07,-0.0026952322448978994,0.007808599374621347
2024-06-10,-0.025553936972060973,0.0011075421141274605
2024-06-11,0.0030652935557997224,0.06164147480475407
2024-06-12,0.04550498835001532,0.01652388250699713
2024-06-13,0.025539063161977224,-0.006907155142068522
2024-06-14,-0.02770864732379956,0.004989115495986983
2024-06-17,0.054520483723783396,0.0012612695613139144
2024-06-18,-0.02031661185235116,-0.0052964465529923635
2024-06-20,-0.026204857369540424,-0.008693351102257496
2024-06-21,0.003395793841223016,-0.004187921588237872
2024-06-24,-0.005847338411495068,-0.0004053638913343108
2024-06-25,0.023946206398064496,-0.0024093231238325533
2024-06-26,0.04749729100580838,-0.003502872541253692
2024-06-27,0.003094790974242756,0.0013125104358705578
2024-06-28,-0.009029727755065137,-0.02036477873940617
2024-07-01,0.06638310733940289,0.010344350240606467
2024-07-02,0.09704792115368824,-0.02434291207590402
2024-07-03,0.0596909783510463,-0.018977502121117727
2024-07-05,0.025691269808379172,0.01570930296227515
2024-07-08,0.002981929762508592,4.573667947267712e-05
2024-07-09,0.02844634626861471,-0.021148368684513676
2024-07-10,0.008868704132858507,0.020269158998571988
2024-07-11,-0.09432641720306142,5.2223200060104447e-05
2024-07-12,0.027314034143368637,-0.004593517041396676
2024-07-15,0.017998724800673174,0.004631700855770658
2024-07-16,0.009039854980550988,-0.011329697665921921
2024-07-17,-0.04289204878688049,-0.013824358518129382
2024-07-18,-0.008159941680649069,-0.01954854577094447
2024-07-19,-0.042349088059329715,0.01040901893269136
2024-07-22,0.047258654813487566,-0.011996429779990277
2024-07-23,-0.01985161219754626,0.013280099152850965
2024-07-24,-0.13471513461901988,0.0038277385268331923
2024-07-25,0.00737491287668543,-0.026838522650463874
2024-07-26,-0.0004885328966303254,0.012600887548333911
2024-07-29,0.04970944846365145,-0.018272230604430027
2024-07-30,-0.042737899063639395,0.010948166840541243
2024-07-31,0.03741002990307701,-0.013445278247982834
2024-08-01,-0.06949126508792716,0.01141370805456702
2024-08-02,-0.04593029210342692,0.006707183088132715
2024-08-05,-0.06426684250719603,-0.03736177730495251
2024-08-06,0.004981112289792852,-0.002685123332742602
2024-08-07,-0.0416175487133561,0.022667071550448285
2024-08-08,0.0381911034156063,0.003729989186537261
2024-08-09,0.00797213116391915,0.01194383334126168
2024-08-12,-0.012501099516520509,0.01039181024132313
2024-08-13,0.054420504070345765,0.002856287758349306
2024-08-14,-0.0297952555819138,0.017212832353227313
2024-08-15,0.062106594502306295,-0.00752677188523114
2024-08-16,0.005319509127068259,-0.0038411114567922996
2024-08-19,0.0265872028793087,-0.0074873624444947995
2024-08-20,-0.00736462463894598,0.009307229929870223
2024-08-21,0.005206447484234572,-0.0053203139912238046
2024-08-22,-0.06310704247425536,0.002323414529816291
2024-08-23,0.04274654483317001,-0.008834546040061897
2024-08-26,-0.03483776848458156,0.007677598741157386
2024-08-27,-0.01947773791787935,0.009782124107864651
2024-08-28,-0.02254247093362316,-0.0036188830008802297
2024-08-29,0.004646894054770728,0.012329428083429718
2024-08-30,0.03331131960303286,-0.010500823129654661
2024-09-03,-0.030803021654369836,-0.024067166248076664
2024-09-04,0.03265787828174285,-0.02257273351408818
2024-09-05,0.04368810430364055,-0.015003727516060987
2024-09-06,-0.08769931809337503,0.016197648728862566
2024-09-09,0.023644678697201132,-0.0033969572428337452
2024-09-10,0.04333088966840356,-0.0062827506870135885
2024-09-11,0.013306397264322256,0.017983475864067216
2024-09-12,0.005973538820856106,0.003361410385289837
2024-09-13,0.00036939659883193643,0.0036022884956369502
2024-09-16,-0.024779649576411683,-0.011708043019059831
2024-09-17,0.003938588304186072,0.005085179518134711
2024-09-18,-0.003589151885251926,0.006154970017142006
2024-09-19,0.07978255580043074,0.008333499266347105
2024-09-20,-0.027680066592979474,0.00144587587421275
2024-09-23,0.039191071585951344,-0.02648283482968939
2024-09-24,0.011038626472491084,-0.010632060369844001
2024-09-25,0.0071704603996575605,-0.002794681084507457
2024-09-26,-0.012500219661639889,0.005944028508050703
2024-09-27,0.01778059447620442,-0.01372346362201686
2024-09-30,0.008531707640918554,0.016545475612029015
2024-10-01,-0.029919956582279778,-0.028844192221151053
2024-10-02,-0.03710844096100155,0.00897706682517236
2024-10-03,-0.036178381104697455,0.008197069773467354
2024-10-04,0.03400742495912028,-0.012480767277916964
2024-10-07,-0.04787132905723815,-0.011420900180064475
2024-10-08,0.019088901565008046,0.014315743097867015
2024-10-09,-0.010091918250567489,0.02033275200812293
2024-10-10,-0.013708467687500336,-0.0006977128320724418
2024-10-11,-0.08623456103073598,0.029230663678285824
2024-10-14,0.008738725729902558,0.012620885081457103
2024-10-15,0.0012091831425625615,0.005637848849687696
2024-10-16,1.6040700518624162e-05,-0.01321710245266721
2024-10-17,-0.004387706056829532,0.0024450885702628072
2024-10-18,0.0001452230189654402,0.010364636609519293
2024-10-21,-0.008989747230648076,0.007973609735679066
2024-10-22,-0.002533558799070315,0.013082012756027286
2024-10-23,-0.029469294701119947,-0.011507241664429235
2024-10-24,0.19953746634040173,-0.0831341064089769
2024-10-25,0.030673856341559384,-0.005232032869183854
2024-10-28,-0.02486845108699985,0.012332235227301216
2024-10-29,-0.0104032889627005,0.012944880208066653
2024-10-30,-0.014308579572212918,-0.006620028376790189
2024-10-31,-0.051456403816009716,-0.040484816204638764
2024-11-01,-0.007780027368420719,-0.0012774352407996237
2024-11-04,-0.028505174833683894,0.003295485333116112
2024-11-05,0.03311801851855782,-0.004565201669137799
2024-11-06,0.1377446498214367,-0.04414936149934353
2024-11-07,0.03267189503324324,0.010989789782966865
2024-11-08,0.07043810162533584,-0.036320639019134966
2024-11-11,0.07357128567414663,-0.048923099991606246
2024-11-12,-0.057245910035727376,0.03066515068313847
2024-11-13,0.003984396761571002,0.003657795481644098
2024-11-14,-0.05197453222746537,0.033085374615947356
2024-11-15,0.01405556681571464,-0.039277383737999
2024-11-18,0.05289788648798031,-0.011410610228478738
2024-11-19,0.018051734412579984,-0.004427239856215084
2024-11-20,-0.014499841486300555,0.0025123979367627294
2024-11-21,-0.011507004904479534,-0.001857879582945636
2024-11-22,0.03606237110110436,-0.0042015779044589155
2024-11-25,-0.03533603294496834,0.026009885682114944
2024-11-26,0.003844057644263446,0.02061745973451194
2024-11-27,-0.021094146741627698,-0.002331133378025582
2024-11-29,0.03391786284962104,-0.0067168033715057016
2024-12-02,0.035813788494561793,0.004542186648029113
2024-12-03,-0.014374426642102187,0.014423366082929809
2024-12-04,0.017870391185796433,0.0031133235861445646
2024-12-05,0.029606329788463205,-0.004619306872413152
2024-12-06,0.04642254652564274,-0.019534354720056192
2024-12-09,0.0038887786188772228,0.013355512543100113
2024-12-10,0.02288607653593945,-0.012318463460196244
2024-12-11,0.05337120952435163,-0.017693112465669784
2024-12-12,-0.015917932514504907,0.010369806786538933
2024-12-13,0.035713827438683655,-0.019483751223664338
2024-12-16,0.059248903237715644,-0.009391179373231862
2024-12-17,0.0346543932411747,-0.0034410108963137884
2024-12-18,-0.09553815671177382,-0.007719459364005962
2024-12-19,-0.009943386984087144,0.007173967967853606
2024-12-20,-0.030449537993810394,0.024490756187070802
2024-12-23,0.017703575730807886,-0.008819347160457285
2024-12-24,0.07037087065796321,-0.0143174808519086
2024-12-26,-0.019505518054291585,0.006622035372627559
2024-12-27,-0.057265150433024076,-0.0016674348722896526
2024-12-30,-0.04098820063972272,-0.0052313673912361205
2024-12-31,-0.03742493972165242,0.002185866973033107
